...1,filename,sentence,file_id2,newspaper_name,newspaper_state,date,year,month,day,page,edition,mod_id,unnamed_0,file_id,article_id,sn,url,filepath
147047,87398_0.txt,Extract of a letter to a gentleman in,87398_0,The national intelligencer and Washington advertiser (Washington City...),District of Columbia,1805-01-14,1805,1,14,seq-3,ed-1,2,2020,87398,0,sn83045242,https://articleextractor.org/pages/87398/dlc_domestic_ver01/sn83045242/1/14/ed-1/seq-3/2,~/Code/hcij_lynching_phase_two/narratives/code/articles_oct_19/87398_0.txt
147059,87399_0.txt,Extact of a letter to a gentleman in New,87399_0,"Virginia Argus (Richmond, Va.)",Virginia,1805-01-19,1805,1,19,seq-3,ed-1,2,12178,87399,0,sn84024710,https://articleextractor.org/pages/87399/vi_otters_ver02/sn84024710/1/19/ed-1/seq-3/2,~/Code/hcij_lynching_phase_two/narratives/code/articles_oct_19/87399_0.txt
147070,87400_0.txt,Extract of a letter to a gentleman in New-,87400_0,"Berkeley and Jefferson intelligencer (Martinsburg, Va...)",Virginia,1805-02-01,1805,2,1,seq-2,ed-1,3,13473,87400,0,sn85059525,https://articleextractor.org/pages/87400/wvu_hogan_ver01/sn85059525/2/1/ed-1/seq-2/3,~/Code/hcij_lynching_phase_two/narratives/code/articles_oct_19/87400_0.txt
147081,87401_0.txt,Attempted Murder and Riots. Robert R.,87401_0,Lynchburg Virginian (Lynchburg [Va.]),Virginia,1835-07-23,1835,7,23,seq-2,ed-1,2,11873,87401,0,sn84024649,https://articleextractor.org/pages/87401/vi_dartmoor_ver03/sn84024649/7/23/ed-1/seq-2/2,~/Code/hcij_lynching_phase_two/narratives/code/articles_oct_19/87401_0.txt
48436,16747_0.txt,LYNCH LAW .-- The following account,16747_0,"South Branch intelligencer (Romney, Va. [W....)",West Virginia,1835-08-01,1835,8,1,seq-2,ed-1,1,13570,16747,0,sn84026826,https://articleextractor.org/pages/16747/wvu_queen_ver01/sn84026826/8/1/ed-1/seq-2/1,~/Code/hcij_lynching_phase_two/narratives/code/articles_oct_19/16747_0.txt
147143,87403_0.txt,"Lynch Law- Abolitionists,& c.",87403_0,"South Branch intelligencer (Romney, Va. [W....)",West Virginia,1835-09-05,1835,9,5,seq-2,ed-1,4,13571,87403,0,sn84026826,https://articleextractor.org/pages/87403/wvu_queen_ver01/sn84026826/9/5/ed-1/seq-2/4,~/Code/hcij_lynching_phase_two/narratives/code/articles_oct_19/87403_0.txt
151192,87568_0.txt,"R. W. Carroll, à hair dresser of",87568_0,"South Branch intelligencer (Romney, Va. [W....)",West Virginia,1835-09-05,1835,9,5,seq-3,ed-1,9,13572,87568,0,sn84026826,https://articleextractor.org/pages/87568/wvu_queen_ver01/sn84026826/9/5/ed-1/seq-3/9,~/Code/hcij_lynching_phase_two/narratives/code/articles_oct_19/87568_0.txt
147154,87405_0.txt,"One of Murell's gang was hung at Clinton, La., on",87405_0,"Richmond enquirer (Richmond, Va.)",Virginia,1835-09-08,1835,9,8,seq-4,ed-1,6,12166,87405,0,sn84024735,https://articleextractor.org/pages/87405/vi_naturals_ver01/sn84024735/9/8/ed-1/seq-4/6,~/Code/hcij_lynching_phase_two/narratives/code/articles_oct_19/87405_0.txt
147158,87405_1.txt,"LYNCHBURG, August 31, 1835.",87405_1,"Richmond enquirer (Richmond, Va.)",Virginia,1835-09-08,1835,9,8,seq-4,ed-1,6,12165,87405,1,sn84024735,https://articleextractor.org/pages/87405/vi_naturals_ver01/sn84024735/9/8/ed-1/seq-4/6,~/Code/hcij_lynching_phase_two/narratives/code/articles_oct_19/87405_1.txt
147252,87406_0.txt,"Lynch Law- Abolitionists,& c.",87406_0,"South Branch intelligencer (Romney, Va. [W....)",West Virginia,1835-09-12,1835,9,12,seq-2,ed-1,3,13573,87406,0,sn84026826,https://articleextractor.org/pages/87406/wvu_queen_ver01/sn84026826/9/12/ed-1/seq-2/3,~/Code/hcij_lynching_phase_two/narratives/code/articles_oct_19/87406_0.txt
48504,16757_0.txt,"many others, left that institution a year or two since controversy",16757_0,"Richmond enquirer (Richmond, Va.)",Virginia,1835-09-29,1835,9,29,seq-4,ed-1,1,11804,16757,0,sn84024735,https://articleextractor.org/pages/16757/vi_armani_ver02/sn84024735/9/29/ed-1/seq-4/1,~/Code/hcij_lynching_phase_two/narratives/code/articles_oct_19/16757_0.txt
147268,87409_0.txt,( From our Foreign Correspondent.),87409_0,"Richmond enquirer (Richmond, Va.)",Virginia,1835-10-27,1835,10,27,seq-4,ed-1,1,11810,87409,0,sn84024735,https://articleextractor.org/pages/87409/vi_armani_ver02/sn84024735/10/27/ed-1/seq-4/1,~/Code/hcij_lynching_phase_two/narratives/code/articles_oct_19/87409_0.txt
147413,87409_1.txt,[ From the Little Rock( Ark.) Gazette.],87409_1,"Richmond enquirer (Richmond, Va.)",Virginia,1835-10-27,1835,10,27,seq-4,ed-1,1,11809,87409,1,sn84024735,https://articleextractor.org/pages/87409/vi_armani_ver02/sn84024735/10/27/ed-1/seq-4/1,~/Code/hcij_lynching_phase_two/narratives/code/articles_oct_19/87409_1.txt
151206,87570_0.txt,LYNCH LAW PUT DOWN IN BAGDAD.,87570_0,Vermont telegraph (Brandon [Vt.]),Vermont,1836-07-14,1836,7,14,seq-4,ed-1,2,12567,87570,0,sn83025661,https://articleextractor.org/pages/87570/vtu_kirby_ver02/sn83025661/7/14/ed-1/seq-4/2,~/Code/hcij_lynching_phase_two/narratives/code/articles_oct_19/87570_0.txt
151219,87570_1.txt,LYNCHING A JERSEYMAN IN,87570_1,Vermont telegraph (Brandon [Vt.]),Vermont,1836-07-14,1836,7,14,seq-4,ed-1,2,12565,87570,1,sn83025661,https://articleextractor.org/pages/87570/vtu_kirby_ver02/sn83025661/7/14/ed-1/seq-4/2,~/Code/hcij_lynching_phase_two/narratives/code/articles_oct_19/87570_1.txt
48424,14792_0.txt,A drunken man named Andrew,14792_0,"South Branch intelligencer (Romney, Va. [W....)",West Virginia,1836-08-13,1836,8,13,seq-1,ed-1,1,13574,14792,0,sn84026826,https://articleextractor.org/pages/14792/wvu_queen_ver01/sn84026826/8/13/ed-1/seq-1/1,~/Code/hcij_lynching_phase_two/narratives/code/articles_oct_19/14792_0.txt
48664,16771_0.txt,The REMEMBERED.- TO BE THINGS,16771_0,Vermont telegraph (Brandon [Vt.]),Vermont,1837-08-09,1837,8,9,seq-2,ed-1,1,12568,16771,0,sn83025661,https://articleextractor.org/pages/16771/vtu_kirby_ver02/sn83025661/8/9/ed-1/seq-2/1,~/Code/hcij_lynching_phase_two/narratives/code/articles_oct_19/16771_0.txt
140976,87132_0.txt,Lynch Law.- On Tuesday evening the,87132_0,"Litchfield enquirer (Litchfield, Con...)",Connecticut,1837-12-21,1837,12,21,seq-2,ed-1,2,1262,87132,0,sn84020071,https://articleextractor.org/pages/87132/ct_barnum_ver01/sn84020071/12/21/ed-1/seq-2/2,~/Code/hcij_lynching_phase_two/narratives/code/articles_oct_19/87132_0.txt
151179,87565_0.txt,listened to with great interest. The speak-,87565_0,Vermont telegraph (Brandon [Vt.]),Vermont,1838-02-14,1838,2,14,seq-2,ed-1,2,12581,87565,0,sn83025661,https://articleextractor.org/pages/87565/vtu_kirby_ver02/sn83025661/2/14/ed-1/seq-2/2,~/Code/hcij_lynching_phase_two/narratives/code/articles_oct_19/87565_0.txt
151139,87562_0.txt,"they carried him to the woods, tied him to",87562_0,"Burlington free press (Burlington, Vt.)",Vermont,1839-04-12,1839,4,12,seq-2,ed-1,2,12307,87562,0,sn84023127,https://articleextractor.org/pages/87562/vtu_adamant_ver01/sn84023127/4/12/ed-1/seq-2/2,~/Code/hcij_lynching_phase_two/narratives/code/articles_oct_19/87562_0.txt
151156,87562_1.txt,LYNCH LAW AND ITS EFFECTS.- We,87562_1,"Burlington free press (Burlington, Vt.)",Vermont,1839-04-12,1839,4,12,seq-2,ed-1,2,12308,87562,1,sn84023127,https://articleextractor.org/pages/87562/vtu_adamant_ver01/sn84023127/4/12/ed-1/seq-2/2,~/Code/hcij_lynching_phase_two/narratives/code/articles_oct_19/87562_1.txt
151171,87564_0.txt,cir,87564_0,True American (New Orleans [La...),Louisiana,1839-06-07,1839,6,7,seq-2,ed-1,2,5128,87564,0,sn83016527,https://articleextractor.org/pages/87564/lu_sands_ver01/sn83016527/6/7/ed-1/seq-2/2,~/Code/hcij_lynching_phase_two/narratives/code/articles_oct_19/87564_0.txt
48677,16774_0.txt,From the Hagerstown Torch Light.,16774_0,NA,West Virginia,1839-06-20,1839,6,20,seq-3,ed-1,1,13499,16774,0,sn84026784,https://articleextractor.org/pages/16774/wvu_jacob_ver01/sn84026784/6/20/ed-1/seq-3/1,~/Code/hcij_lynching_phase_two/narratives/code/articles_oct_19/16774_0.txt
48874,16793_0.txt,ILLINOIS LYNCH LAW --- Since our ac,16793_0,"Southport telegraph (Southport, W.T....)",Wisconsin,1841-07-20,1841,7,20,seq-2,ed-1,1,13063,16793,0,sn85040303,https://articleextractor.org/pages/16793/whi_dynamite_ver01/sn85040303/7/20/ed-1/seq-2/1,~/Code/hcij_lynching_phase_two/narratives/code/articles_oct_19/16793_0.txt
151292,87578_0.txt,MURDER AND LYNCHING AT THE,87578_0,NA,West Virginia,1841-07-22,1841,7,22,seq-1,ed-1,2,13501,87578,0,sn84026784,https://articleextractor.org/pages/87578/wvu_jacob_ver01/sn84026784/7/22/ed-1/seq-1/2,~/Code/hcij_lynching_phase_two/narratives/code/articles_oct_19/87578_0.txt
48844,16792_0.txt,OGLE CŒUN' Y- LYNCH LAW.- The Attorney,16792_0,"Southport telegraph (Southport, W.T....)",Wisconsin,1841-07-27,1841,7,27,seq-2,ed-1,1,13065,16792,0,sn85040303,https://articleextractor.org/pages/16792/whi_dynamite_ver01/sn85040303/7/27/ed-1/seq-2/1,~/Code/hcij_lynching_phase_two/narratives/code/articles_oct_19/16792_0.txt
151366,87581_0.txt,MORE LYNCH LAW .--- Two men named,87581_0,"The Ohio Democrat (Canal Dover, Oh...)",Ohio,1841-07-29,1841,7,29,seq-2,ed-1,2,9500,87581,0,sn84028889,https://articleextractor.org/pages/87581/ohi_cousteau_ver02/sn84028889/7/29/ed-1/seq-2/2,~/Code/hcij_lynching_phase_two/narratives/code/articles_oct_19/87581_0.txt
48943,16794_0.txt,The people of Illinois have recently,16794_0,NA,Mississippi,1841-07-30,1841,7,30,seq-2,ed-1,1,7036,16794,0,sn87065204,https://articleextractor.org/pages/16794/msar_goldenharvest_ver01/sn87065204/7/30/ed-1/seq-2/1,~/Code/hcij_lynching_phase_two/narratives/code/articles_oct_19/16794_0.txt
151357,87580_0.txt,"Knock there; and ask your heart what it doth know,",87580_0,"Wheeling times and advertiser (Wheeling, Va. [...)",West Virginia,1841-07-31,1841,7,31,seq-2,ed-1,2,13394,87580,0,sn84038585,https://articleextractor.org/pages/87580/wvu_dawson_ver01/sn84038585/7/31/ed-1/seq-2/2,~/Code/hcij_lynching_phase_two/narratives/code/articles_oct_19/87580_0.txt
48779,16791_0.txt,WHOLESALE,16791_0,"The North-Carolina standard (Raleigh, N.C.)",North Carolina,1841-09-01,1841,9,1,seq-4,ed-1,1,7852,16791,0,sn85042147,https://articleextractor.org/pages/16791/ncu_alligator_ver01/sn85042147/9/1/ed-1/seq-4/1,~/Code/hcij_lynching_phase_two/narratives/code/articles_oct_19/16791_0.txt
147483,87411_0.txt,"A friend of ours, who arrived in the city",87411_0,NA,West Virginia,1841-09-02,1841,9,2,seq-1,ed-1,2,13504,87411,0,sn84026784,https://articleextractor.org/pages/87411/wvu_jacob_ver01/sn84026784/9/2/ed-1/seq-1/2,~/Code/hcij_lynching_phase_two/narratives/code/articles_oct_19/87411_0.txt
147555,87411_1.txt,Experience. Experience is the most,87411_1,NA,West Virginia,1841-09-02,1841,9,2,seq-1,ed-1,2,13502,87411,1,sn84026784,https://articleextractor.org/pages/87411/wvu_jacob_ver01/sn84026784/9/2/ed-1/seq-1/2,~/Code/hcij_lynching_phase_two/narratives/code/articles_oct_19/87411_1.txt
151465,87585_0.txt,From the Boston Daily Times.,87585_0,"Rutland herald (Rutland, Vt.)",Vermont,1841-09-14,1841,9,14,seq-3,ed-1,2,12294,87585,0,sn84022355,https://articleextractor.org/pages/87585/vtu_adamant_ver01/sn84022355/9/14/ed-1/seq-3/2,~/Code/hcij_lynching_phase_two/narratives/code/articles_oct_19/87585_0.txt
151335,87579_0.txt,THE ST. LOUIS TRAGEDY.,87579_0,"The North-Carolina standard (Raleigh, N.C.)",North Carolina,1841-09-15,1841,9,15,seq-2,ed-1,2,7864,87579,0,sn85042147,https://articleextractor.org/pages/87579/ncu_alligator_ver01/sn85042147/9/15/ed-1/seq-2/2,~/Code/hcij_lynching_phase_two/narratives/code/articles_oct_19/87579_0.txt
49003,16803_0.txt,city has been a scene of extreme,16803_0,"The Mississippi Creole (Canton, Miss.)",Mississippi,1841-09-18,1841,9,18,seq-3,ed-1,1,6952,16803,0,sn83016872,https://articleextractor.org/pages/16803/msar_eiffel_ver02/sn83016872/9/18/ed-1/seq-3/1,~/Code/hcij_lynching_phase_two/narratives/code/articles_oct_19/16803_0.txt
151274,87577_0.txt,DEAD BODY FOUND IN THE RIVER .-- The,87577_0,"Southern Argus (Columbus, Miss.)",Mississippi,1841-10-05,1841,10,5,seq-1,ed-1,2,7155,87577,0,sn83016884,https://articleextractor.org/pages/87577/msar_kingsombra_ver01/sn83016884/10/5/ed-1/seq-1/2,~/Code/hcij_lynching_phase_two/narratives/code/articles_oct_19/87577_0.txt
49048,16808_0.txt,darkness of the night. Then the pulse had,16808_0,"Southport telegraph (Southport, W.T....)",Wisconsin,1841-12-28,1841,12,28,seq-1,ed-1,1,13066,16808,0,sn85040303,https://articleextractor.org/pages/16808/whi_dynamite_ver01/sn85040303/12/28/ed-1/seq-1/1,~/Code/hcij_lynching_phase_two/narratives/code/articles_oct_19/16808_0.txt
49015,16807_0.txt,. CINCINNATI IN MOB,16807_0,"Democratic standard (Georgetown, Bro...)",Ohio,1842-01-18,1842,1,18,seq-2,ed-1,1,9744,16807,0,sn83035312,https://articleextractor.org/pages/16807/ohi_gann_ver01/sn83035312/1/18/ed-1/seq-2/1,~/Code/hcij_lynching_phase_two/narratives/code/articles_oct_19/16807_0.txt
49030,16807_1.txt,The mob had with this exception un,16807_1,"Democratic standard (Georgetown, Bro...)",Ohio,1842-01-18,1842,1,18,seq-2,ed-1,1,9746,16807,1,sn83035312,https://articleextractor.org/pages/16807/ohi_gann_ver01/sn83035312/1/18/ed-1/seq-2/1,~/Code/hcij_lynching_phase_two/narratives/code/articles_oct_19/16807_1.txt
151438,87584_0.txt,treet from a Letter from John Orvis.,87584_0,Vermont telegraph (Brandon [Vt.]),Vermont,1842-01-26,1842,1,26,seq-3,ed-1,3,12589,87584,0,sn83025661,https://articleextractor.org/pages/87584/vtu_kirby_ver02/sn83025661/1/26/ed-1/seq-3/3,~/Code/hcij_lynching_phase_two/narratives/code/articles_oct_19/87584_0.txt
151444,87584_1.txt,"ed to say, that Oberlin Perfection and",87584_1,Vermont telegraph (Brandon [Vt.]),Vermont,1842-01-26,1842,1,26,seq-3,ed-1,3,12586,87584,1,sn83025661,https://articleextractor.org/pages/87584/vtu_kirby_ver02/sn83025661/1/26/ed-1/seq-3/3,~/Code/hcij_lynching_phase_two/narratives/code/articles_oct_19/87584_1.txt
151453,87584_2.txt,"lynching process, and said nor a word. Only",87584_2,Vermont telegraph (Brandon [Vt.]),Vermont,1842-01-26,1842,1,26,seq-3,ed-1,3,12587,87584,2,sn83025661,https://articleextractor.org/pages/87584/vtu_kirby_ver02/sn83025661/1/26/ed-1/seq-3/3,~/Code/hcij_lynching_phase_two/narratives/code/articles_oct_19/87584_2.txt
151456,87584_3.txt,cowardly oppresso: s thrown into consternation,87584_3,Vermont telegraph (Brandon [Vt.]),Vermont,1842-01-26,1842,1,26,seq-3,ed-1,3,12588,87584,3,sn83025661,https://articleextractor.org/pages/87584/vtu_kirby_ver02/sn83025661/1/26/ed-1/seq-3/3,~/Code/hcij_lynching_phase_two/narratives/code/articles_oct_19/87584_3.txt
49110,16811_0.txt,"This being the state of things, the fruiterers, ha",16811_0,The New York herald (New York [N.Y.]),New York,1842-05-30,1842,5,30,seq-2,ed-1,1,2266,16811,0,sn83030313,https://articleextractor.org/pages/16811/dlc_kudzu_ver01/sn83030313/5/30/ed-1/seq-2/1,~/Code/hcij_lynching_phase_two/narratives/code/articles_oct_19/16811_0.txt
151479,87586_0.txt,them pretty well to himself.,87586_0,"Southport telegraph (Southport, W.T....)",Wisconsin,1842-07-20,1842,7,20,seq-1,ed-1,3,13068,87586,0,sn85040303,https://articleextractor.org/pages/87586/whi_dynamite_ver01/sn85040303/7/20/ed-1/seq-1/3,~/Code/hcij_lynching_phase_two/narratives/code/articles_oct_19/87586_0.txt
49134,16812_0.txt,HUNG FOR FUN.- The last Tennessee Re,16812_0,"The Ohio Democrat (Canal Dover, Oh...)",Ohio,1842-10-27,1842,10,27,seq-2,ed-1,1,9501,16812,0,sn84028889,https://articleextractor.org/pages/16812/ohi_cousteau_ver02/sn84028889/10/27/ed-1/seq-2/1,~/Code/hcij_lynching_phase_two/narratives/code/articles_oct_19/16812_0.txt
49146,16814_0.txt,We cannot undertake to pronounce on the guilt or innocence,16814_0,The New York herald (New York [N.Y.]),New York,1843-02-27,1843,2,27,seq-2,ed-1,1,2267,16814,0,sn83030313,https://articleextractor.org/pages/16814/dlc_kudzu_ver01/sn83030313/2/27/ed-1/seq-2/1,~/Code/hcij_lynching_phase_two/narratives/code/articles_oct_19/16814_0.txt
49170,16817_0.txt,But this is not the question. The relative glory,16817_0,The New York herald (New York [N.Y.]),New York,1843-03-01,1843,3,1,seq-2,ed-1,1,2268,16817,0,sn83030313,https://articleextractor.org/pages/16817/dlc_kudzu_ver01/sn83030313/3/1/ed-1/seq-2/1,~/Code/hcij_lynching_phase_two/narratives/code/articles_oct_19/16817_0.txt
151413,87583_0.txt,quadron if they are of opinion that there is a great deal,87583_0,The New York herald (New York [N.Y.]),New York,1843-03-10,1843,3,10,seq-2,ed-1,2,2269,87583,0,sn83030313,https://articleextractor.org/pages/87583/dlc_kudzu_ver01/sn83030313/3/10/ed-1/seq-2/2,~/Code/hcij_lynching_phase_two/narratives/code/articles_oct_19/87583_0.txt
151384,87582_0.txt,of the opinion that there is a great deal of cow-,87582_0,"Grant County herald (Lancaster, W.T....)",Wisconsin,1843-04-01,1843,4,1,seq-2,ed-1,2,13249,87582,0,sn87082160,https://articleextractor.org/pages/87582/whi_idlewild_ver01/sn87082160/4/1/ed-1/seq-2/2,~/Code/hcij_lynching_phase_two/narratives/code/articles_oct_19/87582_0.txt
33579,13752_0.txt,BLOODY EXECUTION OF LYNCH LAW.- The New,13752_0,The New York herald (New York [N.Y.]),New York,1843-05-14,1843,5,14,seq-2,ed-1,1,2270,13752,0,sn83030313,https://articleextractor.org/pages/13752/dlc_kudzu_ver01/sn83030313/5/14/ed-1/seq-2/1,~/Code/hcij_lynching_phase_two/narratives/code/articles_oct_19/13752_0.txt
151265,87574_0.txt,24.,87574_0,The New York herald (New York [N.Y.]),New York,1844-04-26,1844,4,26,seq-1,ed-1,3,2273,87574,0,sn83030313,https://articleextractor.org/pages/87574/dlc_kudzu_ver01/sn83030313/4/26/ed-1/seq-1/3,~/Code/hcij_lynching_phase_two/narratives/code/articles_oct_19/87574_0.txt
49395,16837_0.txt,From the Paris Mercury.,16837_0,"Boon's Lick times (Fayette, Mo.)",Missouri,1844-07-20,1844,7,20,seq-2,ed-1,1,6587,16837,0,sn83016957,https://articleextractor.org/pages/16837/mohi_henri_ver01/sn83016957/7/20/ed-1/seq-2/1,~/Code/hcij_lynching_phase_two/narratives/code/articles_oct_19/16837_0.txt
48716,16777_0.txt,An Innocent Man Hung by a Mob.- Under this,16777_0,"Litchfield enquirer (Litchfield, Con...)",Connecticut,1844-08-08,1844,8,8,seq-3,ed-1,1,1263,16777,0,sn84020071,https://articleextractor.org/pages/16777/ct_barnum_ver01/sn84020071/8/8/ed-1/seq-3/1,~/Code/hcij_lynching_phase_two/narratives/code/articles_oct_19/16777_0.txt
3864,8313_0.txt,Another extract relates a case of Lynch law. The,8313_0,The daily Madisonian (Washington City...),District of Columbia,1844-09-14,1844,9,14,seq-2,ed-1,3,2025,8313,0,sn84020074,https://articleextractor.org/pages/8313/dlc_dragon_ver01/sn84020074/9/14/ed-1/seq-2/3,~/Code/hcij_lynching_phase_two/narratives/code/articles_oct_19/8313_0.txt
50188,16886_0.txt,every state in the Union.,16886_0,"Green-Mountain freeman (Montpelier, Vt.)",Vermont,1844-10-25,1844,10,25,seq-2,ed-1,1,12452,16886,0,sn84023209,https://articleextractor.org/pages/16886/vtu_hildene_ver01/sn84023209/10/25/ed-1/seq-2/1,~/Code/hcij_lynching_phase_two/narratives/code/articles_oct_19/16886_0.txt
151244,87572_0.txt,HOAX. The papers were filled last week with,87572_0,"Martinsburg gazette (Martinsburg, Va...)",West Virginia,1844-12-26,1844,12,26,seq-2,ed-1,2,13375,87572,0,sn84038468,https://articleextractor.org/pages/87572/wvu_boros_ver02/sn84038468/12/26/ed-1/seq-2/2,~/Code/hcij_lynching_phase_two/narratives/code/articles_oct_19/87572_0.txt
50121,16878_0.txt,How such laws and enactments are,16878_0,"The voice of freedom (Montpelier, Vt.)",Vermont,1845-03-06,1845,3,6,seq-1,ed-1,1,12450,16878,0,sn84022687,https://articleextractor.org/pages/16878/vtu_green_ver02/sn84022687/3/6/ed-1/seq-1/1,~/Code/hcij_lynching_phase_two/narratives/code/articles_oct_19/16878_0.txt
50070,16876_0.txt,"The Salem Register says that Boston Common,",16876_0,"Richmond palladium (Richmond, IA [i...)",Indiana,1845-03-26,1845,3,26,seq-1,ed-1,1,3603,16876,0,sn86058217,https://articleextractor.org/pages/16876/in_indianapolisolympians_ver02/sn86058217/3/26/ed-1/seq-1/1,~/Code/hcij_lynching_phase_two/narratives/code/articles_oct_19/16876_0.txt
49998,16874_0.txt,I looked at the murderer and could,16874_0,NA,West Virginia,1845-05-22,1845,5,22,seq-1,ed-1,1,13464,16874,0,sn84026784,https://articleextractor.org/pages/16874/wvu_goalby_ver01/sn84026784/5/22/ed-1/seq-1/1,~/Code/hcij_lynching_phase_two/narratives/code/articles_oct_19/16874_0.txt
50078,16877_0.txt,It seems that North Caralina still,16877_0,"The northern galaxy (Middlebury, Vt.)",Vermont,1845-06-11,1845,6,11,seq-2,ed-1,1,12531,16877,0,sn84023649,https://articleextractor.org/pages/16877/vtu_hortonia_ver01/sn84023649/6/11/ed-1/seq-2/1,~/Code/hcij_lynching_phase_two/narratives/code/articles_oct_19/16877_0.txt
50086,16877_1.txt,if I did not hear of a man being murdered near,16877_1,"The northern galaxy (Middlebury, Vt.)",Vermont,1845-06-11,1845,6,11,seq-2,ed-1,1,12532,16877,1,sn84023649,https://articleextractor.org/pages/16877/vtu_hortonia_ver01/sn84023649/6/11/ed-1/seq-2/1,~/Code/hcij_lynching_phase_two/narratives/code/articles_oct_19/16877_1.txt
50110,16877_2.txt,The Register adds:,16877_2,"The northern galaxy (Middlebury, Vt.)",Vermont,1845-06-11,1845,6,11,seq-2,ed-1,1,12533,16877,2,sn84023649,https://articleextractor.org/pages/16877/vtu_hortonia_ver01/sn84023649/6/11/ed-1/seq-2/1,~/Code/hcij_lynching_phase_two/narratives/code/articles_oct_19/16877_2.txt
34464,14032_0.txt,ARREST AND LYNCH LAW. One of the murderers,14032_0,"American Republican and Baltimore daily clipper (Baltimore, Md.)",Maryland,1845-08-05,1845,8,5,seq-1,ed-1,1,5230,14032,0,sn83009567,https://articleextractor.org/pages/14032/mdu_jalapeno_ver02/sn83009567/8/5/ed-1/seq-1/1,~/Code/hcij_lynching_phase_two/narratives/code/articles_oct_19/14032_0.txt
151256,87573_0.txt,"of Dr. Crandall, the stripes of Dresser, and the",87573_0,"Green-Mountain freeman (Montpelier, Vt.)",Vermont,1845-09-11,1845,9,11,seq-2,ed-1,2,12453,87573,0,sn84023209,https://articleextractor.org/pages/87573/vtu_hildene_ver01/sn84023209/9/11/ed-1/seq-2/2,~/Code/hcij_lynching_phase_two/narratives/code/articles_oct_19/87573_0.txt
50146,16881_0.txt,"That we have too many idle, worthless free",16881_0,"Wisconsin herald, and Grant County advertiser (Lancaster, Wis.)",Wisconsin,1845-09-13,1845,9,13,seq-2,ed-1,1,13251,16881,0,sn87082161,https://articleextractor.org/pages/16881/whi_idlewild_ver01/sn87082161/9/13/ed-1/seq-2/1,~/Code/hcij_lynching_phase_two/narratives/code/articles_oct_19/16881_0.txt
50162,16883_0.txt,Mrs. Wykoff died about two o'clock Satur,16883_0,"American Republican and Baltimore daily clipper (Baltimore, Md.)",Maryland,1846-03-21,1846,3,21,seq-4,ed-1,1,5231,16883,0,sn83009567,https://articleextractor.org/pages/16883/mdu_jalapeno_ver02/sn83009567/3/21/ed-1/seq-4/1,~/Code/hcij_lynching_phase_two/narratives/code/articles_oct_19/16883_0.txt
49440,16839_0.txt,THE TRAGEDY AT NASHVILLE- Disgraceful,16839_0,"American Republican and Baltimore daily clipper (Baltimore, Md.)",Maryland,1846-03-25,1846,3,25,seq-1,ed-1,1,5232,16839,0,sn83009567,https://articleextractor.org/pages/16839/mdu_jalapeno_ver02/sn83009567/3/25/ed-1/seq-1/1,~/Code/hcij_lynching_phase_two/narratives/code/articles_oct_19/16839_0.txt
49452,16839_1.txt,"The rope, it is said, with which it was at",16839_1,"American Republican and Baltimore daily clipper (Baltimore, Md.)",Maryland,1846-03-25,1846,3,25,seq-1,ed-1,1,5233,16839,1,sn83009567,https://articleextractor.org/pages/16839/mdu_jalapeno_ver02/sn83009567/3/25/ed-1/seq-1/1,~/Code/hcij_lynching_phase_two/narratives/code/articles_oct_19/16839_1.txt
50192,16889_0.txt,RIOT AND LYNCH LAW. An abolition convention,16889_0,"American Republican and Baltimore daily clipper (Baltimore, Md.)",Maryland,1846-05-20,1846,5,20,seq-2,ed-1,1,5234,16889,0,sn83009567,https://articleextractor.org/pages/16889/mdu_jalapeno_ver02/sn83009567/5/20/ed-1/seq-2/1,~/Code/hcij_lynching_phase_two/narratives/code/articles_oct_19/16889_0.txt
34472,14033_0.txt,LYNCH LAW ENFORCED.- A man named Jackson Jewel,14033_0,"Richmond daily Whig (Richmond, Va.)",Virginia,1846-05-21,1846,5,21,seq-2,ed-1,1,11795,14033,0,sn84024656,https://articleextractor.org/pages/14033/vi_appaloosa_ver01/sn84024656/5/21/ed-1/seq-2/1,~/Code/hcij_lynching_phase_two/narratives/code/articles_oct_19/14033_0.txt
50203,16890_0.txt,LYNCH LAW IN ARKANSAS. The overseer,16890_0,"American Republican and Baltimore daily clipper (Baltimore, Md.)",Maryland,1846-07-30,1846,7,30,seq-2,ed-1,1,5235,16890,0,sn83009567,https://articleextractor.org/pages/16890/mdu_jalapeno_ver02/sn83009567/7/30/ed-1/seq-2/1,~/Code/hcij_lynching_phase_two/narratives/code/articles_oct_19/16890_0.txt
50218,16890_1.txt,MURDERS IN VIRGINIA. We learn from the,16890_1,"American Republican and Baltimore daily clipper (Baltimore, Md.)",Maryland,1846-07-30,1846,7,30,seq-2,ed-1,1,5236,16890,1,sn83009567,https://articleextractor.org/pages/16890/mdu_jalapeno_ver02/sn83009567/7/30/ed-1/seq-2/1,~/Code/hcij_lynching_phase_two/narratives/code/articles_oct_19/16890_1.txt
50228,16890_2.txt,MURDER IN KENTUCKY. Dr. Henry F. B.,16890_2,"American Republican and Baltimore daily clipper (Baltimore, Md.)",Maryland,1846-07-30,1846,7,30,seq-2,ed-1,1,5237,16890,2,sn83009567,https://articleextractor.org/pages/16890/mdu_jalapeno_ver02/sn83009567/7/30/ed-1/seq-2/1,~/Code/hcij_lynching_phase_two/narratives/code/articles_oct_19/16890_2.txt
151221,87571_0.txt,"of a posse for furthering this humane design, by watch.",87571_0,The New York herald (New York [N.Y.]),New York,1846-08-01,1846,8,1,seq-1,ed-1,2,2310,87571,0,sn83030313,https://articleextractor.org/pages/87571/dlc_marcus_ver01/sn83030313/8/1/ed-1/seq-1/2,~/Code/hcij_lynching_phase_two/narratives/code/articles_oct_19/87571_0.txt
50235,16892_0.txt,[ Correspondence of the Baltimore Clipper.],16892_0,"American Republican and Baltimore daily clipper (Baltimore, Md.)",Maryland,1846-09-19,1846,9,19,seq-4,ed-1,1,5238,16892,0,sn83009567,https://articleextractor.org/pages/16892/mdu_jalapeno_ver02/sn83009567/9/19/ed-1/seq-4/1,~/Code/hcij_lynching_phase_two/narratives/code/articles_oct_19/16892_0.txt
74509,18202_0.txt,LYNCH LAW.- The Lawrenceburgh Republican,18202_0,Indiana State sentinel (Indianapolis),Indiana,1846-09-24,1846,9,24,seq-2,ed-1,2,3564,18202,0,sn82015677,https://articleextractor.org/pages/18202/in_hoosier_ver01/sn82015677/9/24/ed-1/seq-2/2,~/Code/hcij_lynching_phase_two/narratives/code/articles_oct_19/18202_0.txt
150751,87539_0.txt,MORE LYNCH LAW.,87539_0,"The New era ([Portsmouth, Va...)",Virginia,1846-09-24,1846,9,24,seq-3,ed-1,2,12169,87539,0,sn86071753,https://articleextractor.org/pages/87539/vi_naturals_ver01/sn86071753/9/24/ed-1/seq-3/2,~/Code/hcij_lynching_phase_two/narratives/code/articles_oct_19/87539_0.txt
50290,16895_0.txt,Place( 8th,16895_0,"Alexandria gazette (Alexandria, D.C...)",District of Columbia,1846-10-20,1846,10,20,seq-2,ed-1,1,11803,16895,0,sn85025007,https://articleextractor.org/pages/16895/vi_aquasox_ver01/sn85025007/10/20/ed-1/seq-2/1,~/Code/hcij_lynching_phase_two/narratives/code/articles_oct_19/16895_0.txt
50339,16896_0.txt,"FROM MONTEREY -- OCT. 16th,",16896_0,NA,Michigan,1846-11-17,1846,11,17,seq-2,ed-1,1,5409,16896,0,sn89080032,https://articleextractor.org/pages/16896/mimtptc_beulah_ver01/sn89080032/11/17/ed-1/seq-2/1,~/Code/hcij_lynching_phase_two/narratives/code/articles_oct_19/16896_0.txt
50352,16896_1.txt,"It is known that, when the Anti- Mormons",16896_1,NA,Michigan,1846-11-17,1846,11,17,seq-2,ed-1,1,5410,16896,1,sn89080032,https://articleextractor.org/pages/16896/mimtptc_beulah_ver01/sn89080032/11/17/ed-1/seq-2/1,~/Code/hcij_lynching_phase_two/narratives/code/articles_oct_19/16896_1.txt
50373,16897_0.txt,HANGING SCENE. A most disgraceful scene,16897_0,"Vermont watchman and State journal (Montpelier, Vt.)",Vermont,1847-06-10,1847,6,10,seq-3,ed-1,1,12431,16897,0,sn84023200,https://articleextractor.org/pages/16897/vtu_foxville_ver01/sn84023200/6/10/ed-1/seq-3/1,~/Code/hcij_lynching_phase_two/narratives/code/articles_oct_19/16897_0.txt
49463,16840_0.txt,"of the servants at the wedding, and took him",16840_0,"Ypsilanti sentinel (Ypsilanti, Wash...)",Michigan,1847-06-30,1847,6,30,seq-1,ed-1,1,5391,16840,0,sn85026593,https://articleextractor.org/pages/16840/mimtptc_alpena_ver01/sn85026593/6/30/ed-1/seq-1/1,~/Code/hcij_lynching_phase_two/narratives/code/articles_oct_19/16840_0.txt
50386,16898_0.txt,THE MURDER AT MONTROSE.- The pa.,16898_0,NA,Wisconsin,1847-10-15,1847,10,15,seq-2,ed-1,1,13270,16898,0,sn86086768,https://articleextractor.org/pages/16898/whi_inez_ver01/sn86086768/10/15/ed-1/seq-2/1,~/Code/hcij_lynching_phase_two/narratives/code/articles_oct_19/16898_0.txt
50426,16898_1.txt,SEND HIM A HAT.The editor of the,16898_1,NA,Wisconsin,1847-10-15,1847,10,15,seq-2,ed-1,1,13271,16898,1,sn86086768,https://articleextractor.org/pages/16898/whi_inez_ver01/sn86086768/10/15/ed-1/seq-2/1,~/Code/hcij_lynching_phase_two/narratives/code/articles_oct_19/16898_1.txt
50433,16899_0.txt,of the laws. The press has too often threatened quire: at,16899_0,Sunday dispatch (New York [N.Y.]) 1845-1854,New York,1847-11-21,1847,11,21,seq-2,ed-1,1,1933,16899,0,sn83030362,https://articleextractor.org/pages/16899/dlc_angelou_ver01/sn83030362/11/21/ed-1/seq-2/1,~/Code/hcij_lynching_phase_two/narratives/code/articles_oct_19/16899_0.txt
50465,16900_0.txt,But further; the petition contains a gross,16900_0,"Anti-slavery bugle (New-Lisbon, Ohi...)",Ohio,1848-03-03,1848,3,3,seq-2,ed-1,1,9351,16900,0,sn83035487,https://articleextractor.org/pages/16900/ohi_ariel_ver02/sn83035487/3/3/ed-1/seq-2/1,~/Code/hcij_lynching_phase_two/narratives/code/articles_oct_19/16900_0.txt
50489,16901_0.txt,given our assent to the policy know of a better one,16901_0,Sunday dispatch (New York [N.Y.]) 1845-1854,New York,1848-03-19,1848,3,19,seq-2,ed-1,1,1934,16901,0,sn83030362,https://articleextractor.org/pages/16901/dlc_angelou_ver01/sn83030362/3/19/ed-1/seq-2/1,~/Code/hcij_lynching_phase_two/narratives/code/articles_oct_19/16901_0.txt
49619,16842_0.txt,SHOCKING CASE OF LYNCH LAW.- On one of,16842_0,"The daily crescent ([New Orleans, L...)",Louisiana,1848-04-19,1848,4,19,seq-3,ed-1,1,5043,16842,0,sn82015378,https://articleextractor.org/pages/16842/lu_diglett_ver01/sn82015378/4/19/ed-1/seq-3/1,~/Code/hcij_lynching_phase_two/narratives/code/articles_oct_19/16842_0.txt
150849,87544_0.txt,LOUISIANA. A negro was lynched to death in,87544_0,"Green-Mountain freeman (Montpelier, Vt.)",Vermont,1848-04-27,1848,4,27,seq-3,ed-1,2,12454,87544,0,sn84023209,https://articleextractor.org/pages/87544/vtu_hildene_ver01/sn84023209/4/27/ed-1/seq-3/2,~/Code/hcij_lynching_phase_two/narratives/code/articles_oct_19/87544_0.txt
49647,16844_0.txt,The Mob at Washington.,16844_0,"Burlington free press (Burlington, Vt.)",Vermont,1848-04-28,1848,4,28,seq-2,ed-1,1,12309,16844,0,sn84023127,https://articleextractor.org/pages/16844/vtu_adamant_ver01/sn84023127/4/28/ed-1/seq-2/1,~/Code/hcij_lynching_phase_two/narratives/code/articles_oct_19/16844_0.txt
50527,16902_0.txt,SHOCKING CASE OF LYNCH LAW.- On one of,16902_0,"The Mississippi Creole (Canton, Miss.)",Mississippi,1848-05-12,1848,5,12,seq-2,ed-1,1,7076,16902,0,sn83016872,https://articleextractor.org/pages/16902/msar_icydrop_ver05/sn83016872/5/12/ed-1/seq-2/1,~/Code/hcij_lynching_phase_two/narratives/code/articles_oct_19/16902_0.txt
50544,16903_0.txt,LYNCH LAW.- The Vicksburg Whig relates an,16903_0,"The daily crescent ([New Orleans, L...)",Louisiana,1848-06-10,1848,6,10,seq-1,ed-1,1,5045,16903,0,sn82015378,https://articleextractor.org/pages/16903/lu_diglett_ver01/sn82015378/6/10/ed-1/seq-1/1,~/Code/hcij_lynching_phase_two/narratives/code/articles_oct_19/16903_0.txt
33588,13753_0.txt,"A colored man, named Thomas Harden, was",13753_0,The New York herald (New York [N.Y.]),New York,1848-07-09,1848,7,9,seq-2,ed-1,1,2313,13753,0,sn83030313,https://articleextractor.org/pages/13753/dlc_marcus_ver01/sn83030313/7/9/ed-1/seq-2/1,~/Code/hcij_lynching_phase_two/narratives/code/articles_oct_19/13753_0.txt
50564,16904_0.txt,We have now several pretenders in the field: there,16904_0,The New York herald (New York [N.Y.]),New York,1848-07-10,1848,7,10,seq-1,ed-1,1,2314,16904,0,sn83030313,https://articleextractor.org/pages/16904/dlc_marcus_ver01/sn83030313/7/10/ed-1/seq-1/1,~/Code/hcij_lynching_phase_two/narratives/code/articles_oct_19/16904_0.txt
50599,16905_0.txt,It is a subject of devout thanksgiving to God that,16905_0,"Green-Mountain freeman (Montpelier, Vt.)",Vermont,1848-07-13,1848,7,13,seq-1,ed-1,1,12455,16905,0,sn84023209,https://articleextractor.org/pages/16905/vtu_hildene_ver01/sn84023209/7/13/ed-1/seq-1/1,~/Code/hcij_lynching_phase_two/narratives/code/articles_oct_19/16905_0.txt
150816,87542_0.txt,mineralogist and the student of,87542_0,"Alexandria gazette (Alexandria, D.C...)",District of Columbia,1848-08-26,1848,8,26,seq-2,ed-1,2,11859,87542,0,sn85025007,https://articleextractor.org/pages/87542/vi_crawdads_ver01/sn85025007/8/26/ed-1/seq-2/2,~/Code/hcij_lynching_phase_two/narratives/code/articles_oct_19/87542_0.txt
50635,16907_0.txt,CHARACTERISTIC.- While the Whigs of,16907_0,"The Caledonian (St. Johnsbury, ...)",Vermont,1848-09-02,1848,9,2,seq-3,ed-1,1,12598,16907,0,sn84023252,https://articleextractor.org/pages/16907/vtu_londonderry_ver01/sn84023252/9/2/ed-1/seq-3/1,~/Code/hcij_lynching_phase_two/narratives/code/articles_oct_19/16907_0.txt
150841,87543_0.txt,There was great excitement on the,87543_0,"The Kalida venture (Kalida, Ohio)",Ohio,1848-09-05,1848,9,5,seq-2,ed-1,2,9724,87543,0,sn85038078,https://articleextractor.org/pages/87543/ohi_fu_ver01/sn85038078/9/5/ed-1/seq-2/2,~/Code/hcij_lynching_phase_two/narratives/code/articles_oct_19/87543_0.txt
150772,87541_0.txt,have been tremendous. The,87541_0,"Alexandria gazette (Alexandria, D.C...)",District of Columbia,1848-09-14,1848,9,14,seq-2,ed-1,2,11860,87541,0,sn85025007,https://articleextractor.org/pages/87541/vi_crawdads_ver01/sn85025007/9/14/ed-1/seq-2/2,~/Code/hcij_lynching_phase_two/narratives/code/articles_oct_19/87541_0.txt
50645,16909_0.txt,THE CHEROKEE NATION. The National Council,16909_0,"The North-Carolina standard (Raleigh, N.C.)",North Carolina,1848-11-08,1848,11,8,seq-3,ed-1,1,7865,16909,0,sn85042147,https://articleextractor.org/pages/16909/ncu_alligator_ver01/sn85042147/11/8/ed-1/seq-3/1,~/Code/hcij_lynching_phase_two/narratives/code/articles_oct_19/16909_0.txt
50664,16909_1.txt,""" The intensity of the horror, and the depth of the",16909_1,"The North-Carolina standard (Raleigh, N.C.)",North Carolina,1848-11-08,1848,11,8,seq-3,ed-1,1,7866,16909,1,sn85042147,https://articleextractor.org/pages/16909/ncu_alligator_ver01/sn85042147/11/8/ed-1/seq-3/1,~/Code/hcij_lynching_phase_two/narratives/code/articles_oct_19/16909_1.txt
34690,14215_0.txt,.,14215_0,The daily union (Washington [D.C...),District of Columbia,1849-02-13,1849,2,13,seq-3,ed-1,1,1965,14215,0,sn82003410,https://articleextractor.org/pages/14215/dlc_basilisk_ver03/sn82003410/2/13/ed-1/seq-3/1,~/Code/hcij_lynching_phase_two/narratives/code/articles_oct_19/14215_0.txt
50688,16911_0.txt,It states that affairs in California are getting worse,16911_0,The New York herald (New York [N.Y.]),New York,1849-02-14,1849,2,14,seq-2,ed-1,1,2274,16911,0,sn83030313,https://articleextractor.org/pages/16911/dlc_kudzu_ver01/sn83030313/2/14/ed-1/seq-2/1,~/Code/hcij_lynching_phase_two/narratives/code/articles_oct_19/16911_0.txt
50695,16912_0.txt,"other official papers, all of which, cure of Consumption, Asthma and Liver",16912_0,"Alexandria gazette (Alexandria, D.C...)",District of Columbia,1849-02-16,1849,2,16,seq-4,ed-1,1,11861,16912,0,sn85025007,https://articleextractor.org/pages/16912/vi_crawdads_ver01/sn85025007/2/16/ed-1/seq-4/1,~/Code/hcij_lynching_phase_two/narratives/code/articles_oct_19/16912_0.txt
50733,16913_0.txt,"NEW YORK, Feb. 13-7 P. M.",16913_0,"Southport telegraph (Southport, W.T....)",Wisconsin,1849-02-16,1849,2,16,seq-2,ed-1,1,13069,16913,0,sn85040303,https://articleextractor.org/pages/16913/whi_dynamite_ver01/sn85040303/2/16/ed-1/seq-2/1,~/Code/hcij_lynching_phase_two/narratives/code/articles_oct_19/16913_0.txt
49729,16849_0.txt,"SAN FRANCISCO CALIFORNIA,",16849_0,Lynchburg Virginian (Lynchburg [Va.]),Virginia,1849-02-22,1849,2,22,seq-1,ed-1,2,11875,16849,0,sn84024649,https://articleextractor.org/pages/16849/vi_dartmoor_ver03/sn84024649/2/22/ed-1/seq-1/2,~/Code/hcij_lynching_phase_two/narratives/code/articles_oct_19/16849_0.txt
49667,16846_0.txt,"Since I last wrote to you, the affairs of",16846_0,NA,Ohio,1849-02-23,1849,2,23,seq-2,ed-1,1,9631,16846,0,sn87070038,https://articleextractor.org/pages/16846/ohi_drake_ver01/sn87070038/2/23/ed-1/seq-2/1,~/Code/hcij_lynching_phase_two/narratives/code/articles_oct_19/16846_0.txt
150264,87497_0.txt,"last wrote to you, the affairs of this istration of justice",87497_0,"Wilmington journal (Wilmington, N.C...)",North Carolina,1849-02-23,1849,2,23,seq-4,ed-1,2,8364,87497,0,sn84026536,https://articleextractor.org/pages/87497/ncu_lumber_ver01/sn84026536/2/23/ed-1/seq-4/2,~/Code/hcij_lynching_phase_two/narratives/code/articles_oct_19/87497_0.txt
49707,16848_0.txt,P. left: It was that of a negro who insulted a,16848_0,"The daily crescent ([New Orleans, L...)",Louisiana,1849-03-12,1849,3,12,seq-1,ed-1,1,5046,16848,0,sn82015378,https://articleextractor.org/pages/16848/lu_diglett_ver01/sn82015378/3/12/ed-1/seq-1/1,~/Code/hcij_lynching_phase_two/narratives/code/articles_oct_19/16848_0.txt
150737,87538_0.txt,"proving that Malaria is one of the chief United States, of the correspondence and newspapers from",87538_0,Indiana State sentinel (Indianapolis [I...),Indiana,1849-03-17,1849,3,17,seq-3,ed-1,2,3485,87538,0,sn82014301,https://articleextractor.org/pages/87538/in_fairmount_ver02/sn82014301/3/17/ed-1/seq-3/2,~/Code/hcij_lynching_phase_two/narratives/code/articles_oct_19/87538_0.txt
50759,16916_0.txt,"January 2, 1849.",16916_0,The New York herald (New York [N.Y.]),New York,1849-03-20,1849,3,20,seq-2,ed-1,1,2275,16916,0,sn83030313,https://articleextractor.org/pages/16916/dlc_kudzu_ver01/sn83030313/3/20/ed-1/seq-2/1,~/Code/hcij_lynching_phase_two/narratives/code/articles_oct_19/16916_0.txt
86557,18870_0.txt,"LYNCH LAW- Patrick Lynch, for endeavoring to execute",18870_0,"The daily crescent ([New Orleans, L...)",Louisiana,1849-04-12,1849,4,12,seq-3,ed-1,2,5047,18870,0,sn82015378,https://articleextractor.org/pages/18870/lu_diglett_ver01/sn82015378/4/12/ed-1/seq-3/2,~/Code/hcij_lynching_phase_two/narratives/code/articles_oct_19/18870_0.txt
51078,16934_0.txt,Great Riot in New York!,16934_0,NA,Mississippi,1849-05-18,1849,5,18,seq-3,ed-1,1,7102,16934,0,sn87090283,https://articleextractor.org/pages/16934/msar_ikat_ver01/sn87090283/5/18/ed-1/seq-3/1,~/Code/hcij_lynching_phase_two/narratives/code/articles_oct_19/16934_0.txt
51148,16935_0.txt,der the impression that Bishop's hands were in his,16935_0,The New York herald (New York [N.Y.]),New York,1849-05-20,1849,5,20,seq-4,ed-1,1,2276,16935,0,sn83030313,https://articleextractor.org/pages/16935/dlc_kudzu_ver01/sn83030313/5/20/ed-1/seq-4/1,~/Code/hcij_lynching_phase_two/narratives/code/articles_oct_19/16935_0.txt
51175,16936_0.txt,"alternately at Toronto and Quebec, four years termination of our noble continent, but",16936_0,"Alexandria gazette (Alexandria, D.C...)",District of Columbia,1849-05-24,1849,5,24,seq-2,ed-1,1,11863,16936,0,sn85025007,https://articleextractor.org/pages/16936/vi_crawdads_ver01/sn85025007/5/24/ed-1/seq-2/1,~/Code/hcij_lynching_phase_two/narratives/code/articles_oct_19/16936_0.txt
51241,16936_1.txt,and return home and misty wings; there is scarcely enough of ited tations for the are cure,16936_1,"Alexandria gazette (Alexandria, D.C...)",District of Columbia,1849-05-24,1849,5,24,seq-2,ed-1,1,11862,16936,1,sn85025007,https://articleextractor.org/pages/16936/vi_crawdads_ver01/sn85025007/5/24/ed-1/seq-2/1,~/Code/hcij_lynching_phase_two/narratives/code/articles_oct_19/16936_1.txt
51388,16937_0.txt,"Order prevails in the gold regions, and every thief is pun.",16937_0,"The daily crescent ([New Orleans, L...)",Louisiana,1849-06-12,1849,6,12,seq-2,ed-1,1,5048,16937,0,sn82015378,https://articleextractor.org/pages/16937/lu_diglett_ver01/sn82015378/6/12/ed-1/seq-2/1,~/Code/hcij_lynching_phase_two/narratives/code/articles_oct_19/16937_0.txt
50962,16925_0.txt,cent.,16925_0,The New York herald (New York [N.Y.]),New York,1849-06-25,1849,6,25,seq-1,ed-1,1,2277,16925,0,sn83030313,https://articleextractor.org/pages/16925/dlc_kudzu_ver01/sn83030313/6/25/ed-1/seq-1/1,~/Code/hcij_lynching_phase_two/narratives/code/articles_oct_19/16925_0.txt
51017,16928_0.txt,TERRIBLY FRIGHTENED.- The New Or,16928_0,"Anti-slavery bugle (New-Lisbon, Ohi...)",Ohio,1849-07-21,1849,7,21,seq-2,ed-1,1,9352,16928,0,sn83035487,https://articleextractor.org/pages/16928/ohi_ariel_ver02/sn83035487/7/21/ed-1/seq-2/1,~/Code/hcij_lynching_phase_two/narratives/code/articles_oct_19/16928_0.txt
49771,16854_0.txt,Murderer lynched.,16854_0,The daily union (Washington [D.C...),District of Columbia,1849-07-26,1849,7,26,seq-3,ed-1,1,2071,16854,0,sn82003410,https://articleextractor.org/pages/16854/dlc_elf_ver03/sn82003410/7/26/ed-1/seq-3/1,~/Code/hcij_lynching_phase_two/narratives/code/articles_oct_19/16854_0.txt
50987,16926_0.txt,are found with it in,16926_0,"Wilmington journal (Wilmington, N.C...)",North Carolina,1849-08-03,1849,8,3,seq-4,ed-1,1,8365,16926,0,sn84026536,https://articleextractor.org/pages/16926/ncu_lumber_ver01/sn84026536/8/3/ed-1/seq-4/1,~/Code/hcij_lynching_phase_two/narratives/code/articles_oct_19/16926_0.txt
51392,16939_0.txt,From the Rio Grande.,16939_0,"The daily crescent ([New Orleans, L...)",Louisiana,1849-08-07,1849,8,7,seq-2,ed-1,1,5049,16939,0,sn82015378,https://articleextractor.org/pages/16939/lu_diglett_ver01/sn82015378/8/7/ed-1/seq-2/1,~/Code/hcij_lynching_phase_two/narratives/code/articles_oct_19/16939_0.txt
51008,16927_0.txt,Good order in general prevailed both at the Bay,16927_0,"Southport telegraph (Southport, W.T....)",Wisconsin,1849-08-10,1849,8,10,seq-2,ed-1,1,13070,16927,0,sn85040303,https://articleextractor.org/pages/16927/whi_dynamite_ver01/sn85040303/8/10/ed-1/seq-2/1,~/Code/hcij_lynching_phase_two/narratives/code/articles_oct_19/16927_0.txt
51426,16941_0.txt,The market has been completely overstocked,16941_0,"Southport telegraph (Southport, W.T....)",Wisconsin,1849-08-17,1849,8,17,seq-2,ed-1,2,13071,16941,0,sn85040303,https://articleextractor.org/pages/16941/whi_dynamite_ver01/sn85040303/8/17/ed-1/seq-2/2,~/Code/hcij_lynching_phase_two/narratives/code/articles_oct_19/16941_0.txt
51477,16941_1.txt,FROM CALIFORNIA- IMPORTANT AND,16941_1,"Southport telegraph (Southport, W.T....)",Wisconsin,1849-08-17,1849,8,17,seq-2,ed-1,2,13072,16941,1,sn85040303,https://articleextractor.org/pages/16941/whi_dynamite_ver01/sn85040303/8/17/ed-1/seq-2/2,~/Code/hcij_lynching_phase_two/narratives/code/articles_oct_19/16941_1.txt
51514,16942_0.txt,"At the Mines, Lynch Law reigned supreme",16942_0,"The spirit of democracy (Woodsfield, Ohi...)",Ohio,1849-08-18,1849,8,18,seq-2,ed-1,1,9450,16942,0,sn85038115,https://articleextractor.org/pages/16942/ohi_byrd_ver01/sn85038115/8/18/ed-1/seq-2/1,~/Code/hcij_lynching_phase_two/narratives/code/articles_oct_19/16942_0.txt
51519,16943_0.txt,Negro Stealing in Texas.,16943_0,"Southern sentinel (Plaquemine, Par...)",Louisiana,1849-08-22,1849,8,22,seq-2,ed-1,1,5015,16943,0,sn88064476,https://articleextractor.org/pages/16943/lu_blastoise_ver01/sn88064476/8/22/ed-1/seq-2/1,~/Code/hcij_lynching_phase_two/narratives/code/articles_oct_19/16943_0.txt
51555,16944_0.txt,"is very rare, and if any thing is stolen, Lynch",16944_0,NA,Wisconsin,1849-08-24,1849,8,24,seq-2,ed-1,1,13272,16944,0,sn86086768,https://articleextractor.org/pages/16944/whi_inez_ver01/sn86086768/8/24/ed-1/seq-2/1,~/Code/hcij_lynching_phase_two/narratives/code/articles_oct_19/16944_0.txt
51558,16944_1.txt,The country is still subject to martial and,16944_1,NA,Wisconsin,1849-08-24,1849,8,24,seq-2,ed-1,1,13273,16944,1,sn86086768,https://articleextractor.org/pages/16944/whi_inez_ver01/sn86086768/8/24/ed-1/seq-2/1,~/Code/hcij_lynching_phase_two/narratives/code/articles_oct_19/16944_1.txt
51561,16945_0.txt,LYNCH LAW.- The negro who lately murd Mr.,16945_0,Indiana State sentinel (Indianapolis),Indiana,1849-09-27,1849,9,27,seq-2,ed-1,1,3565,16945,0,sn82015677,https://articleextractor.org/pages/16945/in_hoosier_ver01/sn82015677/9/27/ed-1/seq-2/1,~/Code/hcij_lynching_phase_two/narratives/code/articles_oct_19/16945_0.txt
17640,8720_0.txt,"John Mills, the Mormon Preacher.",8720_0,"The spirit of democracy (Woodsfield, Ohi...)",Ohio,1849-12-29,1849,12,29,seq-1,ed-1,1,9451,8720,0,sn85038115,https://articleextractor.org/pages/8720/ohi_byrd_ver01/sn85038115/12/29/ed-1/seq-1/1,~/Code/hcij_lynching_phase_two/narratives/code/articles_oct_19/8720_0.txt
