...1,filename,sentence,file_id2,newspaper_name,newspaper_state,date,year,month,day,page,edition,mod_id,unnamed_0,file_id,article_id,sn,filepath,url2
119901,86197_0.txt,The New Orleans Picayune says:,86197_0,"The Opelousas courier (Opelousas, La.)",Louisiana,1870-02-19,1870,2,19,seq-2,ed-2,1,5088,86197,0,sn83026389,~/Code/hcij_lynching_phase_two/narratives/code/articles_oct_19/86197_0.txt,https://articleextractor.org/pages/86197/lu_lenin_ver01/sn83026389/1870/02/19/ed-2/seq-2/0?user_id=6
10225,8496_0.txt,A DOOMED ORCHARD.- The Detroit Free,8496_0,"The Manitowoc pilot (Manitowoc, Wis.)",Wisconsin,1870-02-24,1870,2,24,seq-1,ed-1,1,13190,8496,0,sn85033139,~/Code/hcij_lynching_phase_two/narratives/code/articles_oct_19/8496_0.txt,https://articleextractor.org/pages/8496/whi_grace_ver01/sn85033139/1870/02/24/ed-1/seq-1/0?user_id=6
142979,87261_0.txt,employes have been discharged.,87261_0,"Nashville union and American (Nashville, Tenn.) 1868-1875",Tennessee,1870-04-19,1870,4,19,seq-1,ed-1,1,10902,87261,0,sn85033699,~/Code/hcij_lynching_phase_two/narratives/code/articles_oct_19/87261_0.txt,https://articleextractor.org/pages/87261/tu_elvis_ver01/sn85033699/1870/04/19/ed-1/seq-1/0?user_id=6
10504,8504_0.txt,A single tree in Kentucky has been the,8504_0,"Chicago tribune (Chicago, Ill.)",Illinois,1870-05-08,1870,5,8,seq-2,ed-1,1,2298,8504,0,sn82014064,~/Code/hcij_lynching_phase_two/narratives/code/articles_oct_19/8504_0.txt,https://articleextractor.org/pages/8504/dlc_lake_ver02/sn82014064/1870/05/08/ed-1/seq-2/0?user_id=6
120237,86209_0.txt,A single tree in Kentucky has been the,86209_0,"The Planters' banner (Franklin, Attak...)",Louisiana,1870-06-01,1870,6,1,seq-3,ed-1,1,5069,86209,0,sn86053688,~/Code/hcij_lynching_phase_two/narratives/code/articles_oct_19/86209_0.txt,https://articleextractor.org/pages/86209/lu_gonne_ver01/sn86053688/1870/06/01/ed-1/seq-3/0?user_id=6
10195,8493_0.txt,LIFE IN NEW YORK.- Glancing over a N. York,8493_0,"Burlington weekly free press (Burlington, Vt.)",Vermont,1870-09-23,1870,9,23,seq-4,ed-1,1,12326,8493,0,sn86072143,~/Code/hcij_lynching_phase_two/narratives/code/articles_oct_19/8493_0.txt,https://articleextractor.org/pages/8493/vtu_burlington_ver01/sn86072143/1870/09/23/ed-1/seq-4/0?user_id=6
113695,20070_0.txt,thing concerning the physiology and relations of,20070_0,"The St. Cloud journal (St. Cloud, Minn...)",Minnesota,1871-02-23,1871,2,23,seq-4,ed-1,1,5762,20070,0,sn85033526,~/Code/hcij_lynching_phase_two/narratives/code/articles_oct_19/20070_0.txt,https://articleextractor.org/pages/20070/mnhi_datsun_ver01/sn85033526/1871/02/23/ed-1/seq-4/0?user_id=6
10204,8494_0.txt,Rouher is imprisoned at Boulogne.,8494_0,"The Cheyenne daily leader (Cheyenne, Wyo.) 1870-1884",Wyoming,1871-03-21,1871,3,21,seq-1,ed-1,1,13576,8494,0,sn84022149,~/Code/hcij_lynching_phase_two/narratives/code/articles_oct_19/8494_0.txt,https://articleextractor.org/pages/8494/wyu_afton_ver01/sn84022149/1871/03/21/ed-1/seq-1/0?user_id=6
10259,8498_0.txt,In Laurens and Chester there were,8498_0,"The Fairfield herald (Winnsboro, S.C.)",South Carolina,1871-04-12,1871,4,12,seq-1,ed-1,1,10285,8498,0,sn84026923,~/Code/hcij_lynching_phase_two/narratives/code/articles_oct_19/8498_0.txt,https://articleextractor.org/pages/8498/scu_drinksmall_ver01/sn84026923/1871/04/12/ed-1/seq-1/0?user_id=6
113766,20074_0.txt,The Courier- Journal affects to believe,20074_0,"New Orleans Republican (New Orleans, La)",Louisiana,1871-07-15,1871,7,15,seq-4,ed-1,1,5072,20074,0,sn83016555,~/Code/hcij_lynching_phase_two/narratives/code/articles_oct_19/20074_0.txt,https://articleextractor.org/pages/20074/lu_growlithe_ver01/sn83016555/1871/07/15/ed-1/seq-4/0?user_id=6
115036,86017_0.txt,"demonstration, in honor of",86017_0,"The new North-west (Deer Lodge, Mon...)",Montana,1871-08-12,1871,8,12,seq-3,ed-1,1,7272,86017,0,sn84038125,~/Code/hcij_lynching_phase_two/narratives/code/articles_oct_19/86017_0.txt,https://articleextractor.org/pages/86017/mthi_flyingsquirrel_ver02/sn84038125/1871/08/12/ed-1/seq-3/0?user_id=6
6582,8391_0.txt,LYNCH,8391_0,"Centre Hall reporter (Centre Hall, Pa...)",Pennsylvania,1871-10-06,1871,10,6,seq-4,ed-1,1,10280,8391,0,sn85054524,~/Code/hcij_lynching_phase_two/narratives/code/articles_oct_19/8391_0.txt,https://articleextractor.org/pages/8391/pst_kellerman_ver01/sn85054524/1871/10/06/ed-1/seq-4/0?user_id=6
10210,8495_0.txt,IN THREATENEND LAW LYNCH,8495_0,"Urbana union (Urbana, Ohio)",Ohio,1871-10-25,1871,10,25,seq-1,ed-1,1,9424,8495,0,sn85026309,~/Code/hcij_lynching_phase_two/narratives/code/articles_oct_19/8495_0.txt,https://articleextractor.org/pages/8495/ohi_borachio_ver02/sn85026309/1871/10/25/ed-1/seq-1/0?user_id=6
113754,20073_0.txt,Ku Kluxers Foiled.,20073_0,"Nashville union and American (Nashville, Tenn.) 1868-1875",Tennessee,1871-11-04,1871,11,4,seq-1,ed-1,1,10903,20073,0,sn85033699,~/Code/hcij_lynching_phase_two/narratives/code/articles_oct_19/20073_0.txt,https://articleextractor.org/pages/20073/tu_elvis_ver01/sn85033699/1871/11/04/ed-1/seq-1/0?user_id=6
106350,19788_0.txt,"Richmond, Va., 3. In Prince Edward",19788_0,"Daily Kennebec journal (Augusta, Me.)",Maine,1872-01-04,1872,1,4,seq-3,ed-1,1,5267,19788,0,sn82014248,~/Code/hcij_lynching_phase_two/narratives/code/articles_oct_19/19788_0.txt,https://articleextractor.org/pages/19788/me_dyerbrook_ver01/sn82014248/1872/01/04/ed-1/seq-3/0?user_id=6
18516,8741_0.txt,"COLUMBIA, S. C.",8741_0,"The daily phoenix (Columbia, S.C.)",South Carolina,1872-01-10,1872,1,10,seq-2,ed-1,1,10282,8741,0,sn84027008,~/Code/hcij_lynching_phase_two/narratives/code/articles_oct_19/8741_0.txt,https://articleextractor.org/pages/8741/scu_alexiavalentine_ver01/sn84027008/1872/01/10/ed-1/seq-2/0?user_id=6
74473,18199_0.txt,The murder at Granby last week.,18199_0,"Lexington weekly intelligencer. (Lexington, Mo.)",Missouri,1872-07-10,1872,7,10,seq-2,ed-1,1,6470,18199,0,sn87052143,~/Code/hcij_lynching_phase_two/narratives/code/articles_oct_19/18199_0.txt,https://articleextractor.org/pages/18199/mohi_eeyore_ver01/sn87052143/1872/07/10/ed-1/seq-2/0?user_id=6
106289,19785_0.txt,"orderly and quiet ...... At Cincinnati, July",19785_0,"Eaton weekly Democrat (Eaton, Ohio)",Ohio,1872-07-18,1872,7,18,seq-4,ed-1,1,9402,19785,0,sn85034457,~/Code/hcij_lynching_phase_two/narratives/code/articles_oct_19/19785_0.txt,https://articleextractor.org/pages/19785/ohi_arnarson_ver01/sn85034457/1872/07/18/ed-1/seq-4/0?user_id=6
106297,19785_1.txt,near Celi- enacted tragedy was FEARFUL A,19785_1,"Eaton weekly Democrat (Eaton, Ohio)",Ohio,1872-07-18,1872,7,18,seq-4,ed-1,1,9403,19785,1,sn85034457,~/Code/hcij_lynching_phase_two/narratives/code/articles_oct_19/19785_1.txt,https://articleextractor.org/pages/19785/ohi_arnarson_ver01/sn85034457/1872/07/18/ed-1/seq-4/0?user_id=6
74464,18197_0.txt,"At Covington, Tenn., Thursday night a negro",18197_0,"The Portland daily press (Portland, Me.)",Maine,1872-08-10,1872,8,10,seq-3,ed-1,1,5266,18197,0,sn83016025,~/Code/hcij_lynching_phase_two/narratives/code/articles_oct_19/18197_0.txt,https://articleextractor.org/pages/18197/me_damariscotta_ver02/sn83016025/1872/08/10/ed-1/seq-3/0?user_id=6
74478,18200_0.txt,"CHICAGO, Aug. 10.- A shocking",18200_0,"The Cheyenne daily leader (Cheyenne, Wyo.) 1870-1884",Wyoming,1872-08-11,1872,8,11,seq-1,ed-1,2,13577,18200,0,sn84022149,~/Code/hcij_lynching_phase_two/narratives/code/articles_oct_19/18200_0.txt,https://articleextractor.org/pages/18200/wyu_afton_ver01/sn84022149/1872/08/11/ed-1/seq-1/0?user_id=6
106358,19789_0.txt,MURDER AND LYNCH.,19789_0,"Memphis daily appeal (Memphis, Tenn.)",Alabama,1872-08-22,1872,8,22,seq-1,ed-1,1,10845,19789,0,sn83045160,~/Code/hcij_lynching_phase_two/narratives/code/articles_oct_19/19789_0.txt,https://articleextractor.org/pages/19789/tu_bonnielou_ver01/sn83045160/1872/08/22/ed-1/seq-1/0?user_id=6
106397,19789_1.txt,Atrocious Murder.,19789_1,"Memphis daily appeal (Memphis, Tenn.)",Alabama,1872-08-22,1872,8,22,seq-1,ed-1,1,10851,19789,1,sn83045160,~/Code/hcij_lynching_phase_two/narratives/code/articles_oct_19/19789_1.txt,https://articleextractor.org/pages/19789/tu_bonnielou_ver01/sn83045160/1872/08/22/ed-1/seq-1/0?user_id=6
86956,18906_0.txt,"On Friday night, the jail in Bardstown, Ill.,",18906_0,"Smyrna times (Smyrna, Del.)",Delaware,1872-09-11,1872,9,11,seq-3,ed-1,1,1832,18906,0,sn84020422,~/Code/hcij_lynching_phase_two/narratives/code/articles_oct_19/18906_0.txt,https://articleextractor.org/pages/18906/deu_artemis_ver02/sn84020422/1872/09/11/ed-1/seq-3/0?user_id=6
74467,18198_0.txt,The mob still threatens to lynch John,18198_0,"Memphis daily appeal (Memphis, Tenn.)",Alabama,1872-11-07,1872,11,7,seq-1,ed-1,1,10852,18198,0,sn83045160,~/Code/hcij_lynching_phase_two/narratives/code/articles_oct_19/18198_0.txt,https://articleextractor.org/pages/18198/tu_bonnielou_ver01/sn83045160/1872/11/07/ed-1/seq-1/0?user_id=6
10508,8505_0.txt,INCENDIARY AN,8505_0,NA,Illinois,1872-11-13,1872,11,13,seq-1,ed-1,1,4061,8505,0,sn88074142,~/Code/hcij_lynching_phase_two/narratives/code/articles_oct_19/8505_0.txt,https://articleextractor.org/pages/8505/iune_juliet_ver01/sn88074142/1872/11/13/ed-1/seq-1/0?user_id=6
44159,14622_0.txt,"FORCED CONFESSION.- At Scranton,",14622_0,"Grant County herald (Lancaster, Wis.)",Wisconsin,1872-12-31,1872,12,31,seq-2,ed-1,1,13247,14622,0,sn85033133,~/Code/hcij_lynching_phase_two/narratives/code/articles_oct_19/14622_0.txt,https://articleextractor.org/pages/14622/whi_idlewild_ver01/sn85033133/1872/12/31/ed-1/seq-2/0?user_id=6
114855,86010_0.txt,praperty of M. J.,86010_0,"Pioche daily record (Pioche, Nev.)",Nevada,1873-02-21,1873,2,21,seq-2,ed-1,1,9221,86010,0,sn84022048,~/Code/hcij_lynching_phase_two/narratives/code/articles_oct_19/86010_0.txt,https://articleextractor.org/pages/86010/nvln_caliente_ver02/sn84022048/1873/02/21/ed-1/seq-2/0?user_id=6
114867,86010_1.txt,"The entire press, both Mormon and",86010_1,"Pioche daily record (Pioche, Nev.)",Nevada,1873-02-21,1873,2,21,seq-2,ed-1,1,9222,86010,1,sn84022048,~/Code/hcij_lynching_phase_two/narratives/code/articles_oct_19/86010_1.txt,https://articleextractor.org/pages/86010/nvln_caliente_ver02/sn84022048/1873/02/21/ed-1/seq-2/0?user_id=6
114871,86010_2.txt,"New York, Feb. 19.- At Newport,",86010_2,"Pioche daily record (Pioche, Nev.)",Nevada,1873-02-21,1873,2,21,seq-2,ed-1,1,9223,86010,2,sn84022048,~/Code/hcij_lynching_phase_two/narratives/code/articles_oct_19/86010_2.txt,https://articleextractor.org/pages/86010/nvln_caliente_ver02/sn84022048/1873/02/21/ed-1/seq-2/0?user_id=6
12259,8567_0.txt,Tarpey.bration hanging mob in the of action the,8567_0,"Helena weekly herald (Helena, Mont.)",Montana,1873-03-20,1873,3,20,seq-3,ed-1,1,7307,8567,0,sn84036143,~/Code/hcij_lynching_phase_two/narratives/code/articles_oct_19/8567_0.txt,https://articleextractor.org/pages/8567/mthi_harrier_ver01/sn84036143/1873/03/20/ed-1/seq-3/0?user_id=6
118614,86158_0.txt,California Affair. in Lynching A,86158_0,"Perrysburg journal. (Perrysburg, Woo...)",Ohio,1873-04-18,1873,4,18,seq-1,ed-1,2,9491,86158,0,sn87076843,~/Code/hcij_lynching_phase_two/narratives/code/articles_oct_19/86158_0.txt,https://articleextractor.org/pages/86158/ohi_cobweb_ver04/sn87076843/1873/04/18/ed-1/seq-1/0?user_id=6
150397,87505_0.txt,law- abiding citizen. The press accepted,87505_0,"Pioche daily record (Pioche, Nev.)",Nevada,1873-05-01,1873,5,1,seq-1,ed-1,1,9224,87505,0,sn84022048,~/Code/hcij_lynching_phase_two/narratives/code/articles_oct_19/87505_0.txt,https://articleextractor.org/pages/87505/nvln_caliente_ver02/sn84022048/1873/05/01/ed-1/seq-1/0?user_id=6
6607,8399_0.txt,MURDER AND LYNCHING IN AROOS,8399_0,"Daily Kennebec journal (Augusta, Me.)",Maine,1873-05-03,1873,5,3,seq-2,ed-1,1,5268,8399,0,sn82014248,~/Code/hcij_lynching_phase_two/narratives/code/articles_oct_19/8399_0.txt,https://articleextractor.org/pages/8399/me_dyerbrook_ver01/sn82014248/1873/05/03/ed-1/seq-2/0?user_id=6
114948,86014_0.txt,Murderer Lynched- Another Admitted,86014_0,"Memphis daily appeal (Memphis, Tenn.)",Alabama,1873-06-30,1873,6,30,seq-1,ed-1,1,10878,86014,0,sn83045160,~/Code/hcij_lynching_phase_two/narratives/code/articles_oct_19/86014_0.txt,https://articleextractor.org/pages/86014/tu_chet_ver01/sn83045160/1873/06/30/ed-1/seq-1/0?user_id=6
64902,17490_0.txt,•,17490_0,"Wilmington daily commercial (Wilmington, Del...)",Delaware,1873-08-06,1873,8,6,seq-1,ed-1,1,1892,17490,0,sn84020594,~/Code/hcij_lynching_phase_two/narratives/code/articles_oct_19/17490_0.txt,https://articleextractor.org/pages/17490/deu_jinx_ver01/sn84020594/1873/08/06/ed-1/seq-1/0?user_id=6
150426,87509_0.txt,bail. The lynching of Mr. Wyatt was the,87509_0,"The Rutland daily globe (Rutland, Vt.)",Vermont,1873-08-06,1873,8,6,seq-3,ed-1,1,12427,87509,0,sn84022473,~/Code/hcij_lynching_phase_two/narratives/code/articles_oct_19/87509_0.txt,https://articleextractor.org/pages/87509/vtu_foxville_ver01/sn84022473/1873/08/06/ed-1/seq-3/0?user_id=6
122700,86346_0.txt,LYNCH LAW IN MISSOURI.,86346_0,The New York herald (New York [N.Y.]),New York,1873-08-20,1873,8,20,seq-7,ed-1,1,2240,86346,0,sn83030313,~/Code/hcij_lynching_phase_two/narratives/code/articles_oct_19/86346_0.txt,https://articleextractor.org/pages/86346/dlc_itchweed_ver01/sn83030313/1873/08/20/ed-1/seq-7/0?user_id=6
6895,8401_0.txt,"Murphysboro, Ill.",8401_0,"Chicago daily tribune (Chicago, Ill.)",Illinois,1874-02-06,1874,2,6,seq-5,ed-1,1,2121,8401,0,sn84031492,~/Code/hcij_lynching_phase_two/narratives/code/articles_oct_19/8401_0.txt,https://articleextractor.org/pages/8401/dlc_fullerton_ver02/sn84031492/1874/02/06/ed-1/seq-5/0?user_id=6
6914,8401_1.txt,"White, the Carbondale Murderer",8401_1,"Chicago daily tribune (Chicago, Ill.)",Illinois,1874-02-06,1874,2,6,seq-5,ed-1,1,2124,8401,1,sn84031492,~/Code/hcij_lynching_phase_two/narratives/code/articles_oct_19/8401_1.txt,https://articleextractor.org/pages/8401/dlc_fullerton_ver02/sn84031492/1874/02/06/ed-1/seq-5/0?user_id=6
8309,8427_0.txt,"Outrage, Murder and Lynch Law.",8427_0,"New Orleans Republican (New Orleans, La)",Louisiana,1874-03-26,1874,3,26,seq-1,ed-1,1,5073,8427,0,sn83016555,~/Code/hcij_lynching_phase_two/narratives/code/articles_oct_19/8427_0.txt,https://articleextractor.org/pages/8427/lu_haunter_ver01/sn83016555/1874/03/26/ed-1/seq-1/0?user_id=6
49906,16865_0.txt,"JACKSON, Kansas, March 27th.",16865_0,Los Angeles daily herald (Los Angeles [Calif.]) 1873-1876,California,1874-03-28,1874,3,28,seq-1,ed-1,1,1694,16865,0,sn84038806,~/Code/hcij_lynching_phase_two/narratives/code/articles_oct_19/16865_0.txt,https://articleextractor.org/pages/16865/curiv_inskip_ver01/sn84038806/1874/03/28/ed-1/seq-1/0?user_id=6
114295,85985_0.txt,The telegraph has already related how,85985_0,"Marshall County Republican. (Plymouth, Ind.)",Indiana,1874-04-23,1874,4,23,seq-2,ed-1,1,3450,85985,0,sn84038034,~/Code/hcij_lynching_phase_two/narratives/code/articles_oct_19/85985_0.txt,https://articleextractor.org/pages/85985/in_chacha_ver03/sn84038034/1874/04/23/ed-1/seq-2/0?user_id=6
114368,85990_0.txt,"of the State, and that, in",85990_0,"The Redwood gazette (Redwood Falls, ...)",Minnesota,1874-05-14,1874,5,14,seq-2,ed-1,1,5558,85990,0,sn85025570,~/Code/hcij_lynching_phase_two/narratives/code/articles_oct_19/85990_0.txt,https://articleextractor.org/pages/85990/mnhi_allemande_ver01/sn85025570/1874/05/14/ed-1/seq-2/0?user_id=6
114893,86012_0.txt,"SAN FRANCISCOo, May 15.- There",86012_0,"Catoctin clarion (Mechanicstown, ...)",Maryland,1874-05-23,1874,5,23,seq-2,ed-1,1,5134,86012,0,sn84026688,~/Code/hcij_lynching_phase_two/narratives/code/articles_oct_19/86012_0.txt,https://articleextractor.org/pages/86012/mdu_alvarez_ver01/sn84026688/1874/05/23/ed-1/seq-2/0?user_id=6
74527,18203_0.txt,"A man named John Howe, formerly",18203_0,"The Pulaski citizen (Pulaski, Tenn.)",Tennessee,1874-06-04,1874,6,4,seq-3,ed-1,1,11103,18203,0,sn85033964,~/Code/hcij_lynching_phase_two/narratives/code/articles_oct_19/18203_0.txt,https://articleextractor.org/pages/18203/tu_jethro_ver01/sn85033964/1874/06/04/ed-1/seq-3/0?user_id=6
119925,86200_0.txt,Another Brinckley Case.,86200_0,"Shenandoah herald (Woodstock, Va.)",Virginia,1874-06-04,1874,6,4,seq-2,ed-1,1,12037,86200,0,sn85026941,~/Code/hcij_lynching_phase_two/narratives/code/articles_oct_19/86200_0.txt,https://articleextractor.org/pages/86200/vi_jennet_ver02/sn85026941/1874/06/04/ed-1/seq-2/0?user_id=6
6519,8387_0.txt,"Lynch Law in Indian Territory,",8387_0,"The spirit of democracy (Woodsfield, Ohi...)",Ohio,1874-06-23,1874,6,23,seq-2,ed-1,1,9459,8387,0,sn85038115,~/Code/hcij_lynching_phase_two/narratives/code/articles_oct_19/8387_0.txt,https://articleextractor.org/pages/8387/ohi_byrd_ver01/sn85038115/1874/06/23/ed-1/seq-2/0?user_id=6
114311,85986_0.txt,"A Murderer Shot and Lynched,",85986_0,"New Orleans Republican (New Orleans, La)",Louisiana,1874-06-27,1874,6,27,seq-1,ed-1,1,5074,85986,0,sn83016555,~/Code/hcij_lynching_phase_two/narratives/code/articles_oct_19/85986_0.txt,https://articleextractor.org/pages/85986/lu_haunter_ver01/sn83016555/1874/06/27/ed-1/seq-1/0?user_id=6
114904,86013_0.txt,MISCELLANEOUS.,86013_0,"New Orleans Republican (New Orleans, La)",Louisiana,1874-07-21,1874,7,21,seq-8,ed-1,1,5075,86013,0,sn83016555,~/Code/hcij_lynching_phase_two/narratives/code/articles_oct_19/86013_0.txt,https://articleextractor.org/pages/86013/lu_haunter_ver01/sn83016555/1874/07/21/ed-1/seq-8/0?user_id=6
114186,85981_0.txt,Five Negroes Lynched.,85981_0,The New Orleans bulletin (New Orleans [La...),Louisiana,1874-07-22,1874,7,22,seq-3,ed-1,1,5084,85981,0,sn86079018,~/Code/hcij_lynching_phase_two/narratives/code/articles_oct_19/85981_0.txt,https://articleextractor.org/pages/85981/lu_jigglypuff_ver01/sn86079018/1874/07/22/ed-1/seq-3/0?user_id=6
114203,85982_0.txt,the surrounding country. A very serious,85982_0,"The Democratic advocate (Westminster, Md...)",Maryland,1874-08-15,1874,8,15,seq-2,ed-1,1,5152,85982,0,sn85038292,~/Code/hcij_lynching_phase_two/narratives/code/articles_oct_19/85982_0.txt,https://articleextractor.org/pages/85982/mdu_douglass_ver01/sn85038292/1874/08/15/ed-1/seq-2/0?user_id=6
42433,14543_0.txt,He,14543_0,"The Wheeling daily register (Wheeling, W. Va...)",West Virginia,1874-08-17,1874,8,17,seq-3,ed-1,1,13431,14543,0,sn84026847,~/Code/hcij_lynching_phase_two/narratives/code/articles_oct_19/14543_0.txt,https://articleextractor.org/pages/14543/wvu_enterprise_ver02/sn84026847/1874/08/17/ed-1/seq-3/0?user_id=6
115070,86021_0.txt,to the shooting and lynching of negroes.,86021_0,National Republican. (Washington City...)),District of Columbia,1874-08-17,1874,8,17,seq-2,ed-1,1,2049,86021,0,sn86053573,~/Code/hcij_lynching_phase_two/narratives/code/articles_oct_19/86021_0.txt,https://articleextractor.org/pages/86021/dlc_eastern_ver01/sn86053573/1874/08/17/ed-1/seq-2/0?user_id=6
118344,86150_0.txt,WE are constantly having accounts,86150_0,"The Somerset herald (Somerset, Pa.)",Pennsylvania,1874-08-19,1874,8,19,seq-2,ed-1,2,10276,86150,0,sn84026409,~/Code/hcij_lynching_phase_two/narratives/code/articles_oct_19/86150_0.txt,https://articleextractor.org/pages/86150/pst_grange_ver01/sn84026409/1874/08/19/ed-1/seq-2/0?user_id=6
87015,18913_0.txt,Treason and Conspiracy.,18913_0,"New national era (Washington, D.C...)",District of Columbia,1874-08-27,1874,8,27,seq-2,ed-1,1,2097,18913,0,sn84026753,~/Code/hcij_lynching_phase_two/narratives/code/articles_oct_19/18913_0.txt,https://articleextractor.org/pages/18913/dlc_elf_ver03/sn84026753/1874/08/27/ed-1/seq-2/0?user_id=6
114177,85980_0.txt,colored of a murder dastardly The,85980_0,"Nashville union and American (Nashville, Tenn.) 1868-1875",Tennessee,1874-08-27,1874,8,27,seq-2,ed-1,1,10952,85980,0,sn85033699,~/Code/hcij_lynching_phase_two/narratives/code/articles_oct_19/85980_0.txt,https://articleextractor.org/pages/85980/tu_furry_ver01/sn85033699/1874/08/27/ed-1/seq-2/0?user_id=6
43112,14567_0.txt,PUBLIC MEETING IN MEMPHIS.,14567_0,"Martinsburg weekly independent (Martinsburg, W....)",West Virginia,1874-09-05,1874,9,5,seq-1,ed-1,1,13386,14567,0,sn84026810,~/Code/hcij_lynching_phase_two/narratives/code/articles_oct_19/14567_0.txt,https://articleextractor.org/pages/14567/wvu_casper_ver01/sn84026810/1874/09/05/ed-1/seq-1/0?user_id=6
114323,85987_0.txt,Another Negro Lynched.,85987_0,"The Rutland daily globe (Rutland, Vt.)",Vermont,1874-09-07,1874,9,7,seq-3,ed-1,1,12428,85987,0,sn84022473,~/Code/hcij_lynching_phase_two/narratives/code/articles_oct_19/85987_0.txt,https://articleextractor.org/pages/85987/vtu_foxville_ver01/sn84022473/1874/09/07/ed-1/seq-3/0?user_id=6
114336,85987_1.txt,Negroes Disperse a Lynching Party.,85987_1,"The Rutland daily globe (Rutland, Vt.)",Vermont,1874-09-07,1874,9,7,seq-3,ed-1,1,12429,85987,1,sn84022473,~/Code/hcij_lynching_phase_two/narratives/code/articles_oct_19/85987_1.txt,https://articleextractor.org/pages/85987/vtu_foxville_ver01/sn84022473/1874/09/07/ed-1/seq-3/0?user_id=6
106434,19790_0.txt,The Lynching at Nicholasvilie.,19790_0,"The Rutland daily globe (Rutland, Vt.)",Vermont,1874-09-08,1874,9,8,seq-3,ed-1,1,12430,19790,0,sn84022473,~/Code/hcij_lynching_phase_two/narratives/code/articles_oct_19/19790_0.txt,https://articleextractor.org/pages/19790/vtu_foxville_ver01/sn84022473/1874/09/08/ed-1/seq-3/0?user_id=6
114225,85983_0.txt,Particulars of the Lynching of Negroes,85983_0,"Marshall County Republican. (Plymouth, Ind.)",Indiana,1874-09-17,1874,9,17,seq-2,ed-1,1,3451,85983,0,sn84038034,~/Code/hcij_lynching_phase_two/narratives/code/articles_oct_19/85983_0.txt,https://articleextractor.org/pages/85983/in_chacha_ver03/sn84038034/1874/09/17/ed-1/seq-2/0?user_id=6
43773,14588_0.txt,We are informed through a private,14588_0,"Shepherdstown register (Shepherdstown, ...)",West Virginia,1874-09-19,1874,9,19,seq-2,ed-1,1,13348,14588,0,sn84026824,~/Code/hcij_lynching_phase_two/narratives/code/articles_oct_19/14588_0.txt,https://articleextractor.org/pages/14588/wvu_antares_ver02/sn84026824/1874/09/19/ed-1/seq-2/0?user_id=6
33529,13737_0.txt,"While Gov. Brown, of Tonnessee, is endeavor",13737_0,"Chicago daily tribune (Chicago, Ill.) 1872-1963",Illinois,1874-09-28,1874,9,28,seq-2,ed-1,1,2126,13737,0,sn84031492,~/Code/hcij_lynching_phase_two/narratives/code/articles_oct_19/13737_0.txt,https://articleextractor.org/pages/13737/dlc_fullerton_ver02/sn84031492/1874/09/28/ed-1/seq-2/0?user_id=6
74496,18201_0.txt,Alabama.,18201_0,"Wilmington daily commercial (Wilmington, Del...)",Delaware,1874-09-28,1874,9,28,seq-1,ed-1,2,1893,18201,0,sn84020594,~/Code/hcij_lynching_phase_two/narratives/code/articles_oct_19/18201_0.txt,https://articleextractor.org/pages/18201/deu_jinx_ver01/sn84020594/1874/09/28/ed-1/seq-1/0?user_id=6
115041,86018_0.txt,"Now, why is it that while the Democrat",86018_0,"Nashville union and American (Nashville, Tenn.) 1868-1875",Tennessee,1874-10-30,1874,10,30,seq-2,ed-1,1,10954,86018,0,sn85033699,~/Code/hcij_lynching_phase_two/narratives/code/articles_oct_19/86018_0.txt,https://articleextractor.org/pages/86018/tu_furry_ver01/sn85033699/1874/10/30/ed-1/seq-2/0?user_id=6
106541,19800_0.txt,MOB HANGING.,19800_0,The Indiana State sentinel (Indianapolis),Indiana,1874-12-08,1874,12,8,seq-5,ed-1,1,3586,19800,0,sn87056600,~/Code/hcij_lynching_phase_two/narratives/code/articles_oct_19/19800_0.txt,https://articleextractor.org/pages/19800/in_hoosier_ver01/sn87056600/1874/12/08/ed-1/seq-5/0?user_id=6
114354,85988_0.txt,"VICKSBURG, Dec. 8.- It was reported",85988_0,"The Athens post (Athens, Tenn.)",Tennessee,1874-12-11,1874,12,11,seq-2,ed-1,1,11148,85988,0,sn84024443,~/Code/hcij_lynching_phase_two/narratives/code/articles_oct_19/85988_0.txt,https://articleextractor.org/pages/85988/tu_monroe_ver01/sn84024443/1874/12/11/ed-1/seq-2/0?user_id=6
7932,8422_0.txt,LYNCH LAW KANSAS IN.,8422_0,"The Cairo bulletin (Cairo, Ill.)",Illinois,1874-12-24,1874,12,24,seq-2,ed-1,1,4055,8422,0,sn85033413,~/Code/hcij_lynching_phase_two/narratives/code/articles_oct_19/8422_0.txt,https://articleextractor.org/pages/8422/iune_juliet_ver01/sn85033413/1874/12/24/ed-1/seq-2/0?user_id=6
8168,8422_1.txt,"IT is announced that the President, in or",8422_1,"The Cairo bulletin (Cairo, Ill.)",Illinois,1874-12-24,1874,12,24,seq-2,ed-1,1,4048,8422,1,sn85033413,~/Code/hcij_lynching_phase_two/narratives/code/articles_oct_19/8422_1.txt,https://articleextractor.org/pages/8422/iune_juliet_ver01/sn85033413/1874/12/24/ed-1/seq-2/0?user_id=6
141355,87176_0.txt,A reign of terror existe in Lake,87176_0,"The Wichita city eagle (Wichita, Kan.)",Kansas,1875-02-18,1875,2,18,seq-1,ed-1,1,4112,87176,0,sn85032573,~/Code/hcij_lynching_phase_two/narratives/code/articles_oct_19/87176_0.txt,https://articleextractor.org/pages/87176/khi_brockovich_ver02/sn85032573/1875/02/18/ed-1/seq-1/0?user_id=6
114992,86015_0.txt,THE MURDERER LYNCHED.,86015_0,"The Opelousas journal (Opelousas, La.)",Louisiana,1875-04-30,1875,4,30,seq-3,ed-1,1,5014,86015,0,sn86079077,~/Code/hcij_lynching_phase_two/narratives/code/articles_oct_19/86015_0.txt,https://articleextractor.org/pages/86015/lu_blastoise_ver01/sn86079077/1875/04/30/ed-1/seq-3/0?user_id=6
115075,86022_0.txt,"Robt. T. Frazier, Policeman of",86022_0,"The Pulaski citizen (Pulaski, Tenn.)",Tennessee,1875-05-06,1875,5,6,seq-2,ed-1,1,11104,86022,0,sn85033964,~/Code/hcij_lynching_phase_two/narratives/code/articles_oct_19/86022_0.txt,https://articleextractor.org/pages/86022/tu_jethro_ver01/sn85033964/1875/05/06/ed-1/seq-2/0?user_id=6
8230,8426_0.txt,ANOTHER OUTRAGE.- The details of a shock-,8426_0,"Montgomery County sentinel (Rockville, Md.)",Maryland,1875-06-11,1875,6,11,seq-2,ed-1,2,5187,8426,0,sn83016209,~/Code/hcij_lynching_phase_two/narratives/code/articles_oct_19/8426_0.txt,https://articleextractor.org/pages/8426/mdu_fireweed_ver01/sn83016209/1875/06/11/ed-1/seq-2/0?user_id=6
141477,87179_0.txt,Negro A Brute Lynched.,87179_0,"The daily Argus. (Rock Island, Il...)",Illinois,1875-06-15,1875,6,15,seq-1,ed-1,1,3664,87179,0,sn92053942,~/Code/hcij_lynching_phase_two/narratives/code/articles_oct_19/87179_0.txt,https://articleextractor.org/pages/87179/iune_broadsheet_ver01/sn92053942/1875/06/15/ed-1/seq-1/0?user_id=6
43802,14595_0.txt,ATTEMPTED OUTRAGE IN ANNE ARUN,14595_0,"Shepherdstown register (Shepherdstown, ...)",West Virginia,1875-06-19,1875,6,19,seq-3,ed-1,1,13349,14595,0,sn84026824,~/Code/hcij_lynching_phase_two/narratives/code/articles_oct_19/14595_0.txt,https://articleextractor.org/pages/14595/wvu_antares_ver02/sn84026824/1875/06/19/ed-1/seq-3/0?user_id=6
87134,18925_0.txt,A negro was lynchod on Friday night in Han,18925_0,"Chicago daily tribune (Chicago, Ill.) 1872-1963",Illinois,1875-06-28,1875,6,28,seq-8,ed-1,2,2143,18925,0,sn84031492,~/Code/hcij_lynching_phase_two/narratives/code/articles_oct_19/18925_0.txt,https://articleextractor.org/pages/18925/dlc_grand_ver02/sn84031492/1875/06/28/ed-1/seq-8/0?user_id=6
141637,87185_0.txt,di gatel,87185_0,"The Morristown gazette (Morristown, Ten...)",Tennessee,1875-07-07,1875,7,7,seq-1,ed-1,1,10992,87185,0,sn85033681,~/Code/hcij_lynching_phase_two/narratives/code/articles_oct_19/87185_0.txt,https://articleextractor.org/pages/87185/tu_hubert_ver01/sn85033681/1875/07/07/ed-1/seq-1/0?user_id=6
141750,87185_1.txt,along the Erie rallway.,87185_1,"The Morristown gazette (Morristown, Ten...)",Tennessee,1875-07-07,1875,7,7,seq-1,ed-1,1,10994,87185,1,sn85033681,~/Code/hcij_lynching_phase_two/narratives/code/articles_oct_19/87185_1.txt,https://articleextractor.org/pages/87185/tu_hubert_ver01/sn85033681/1875/07/07/ed-1/seq-1/0?user_id=6
141341,87174_0.txt,""" Hung by Persons Unknown, and",87174_0,"Nashville union and American (Nashville, Tenn.) 1868-1875",Tennessee,1875-07-15,1875,7,15,seq-1,ed-1,1,10955,87174,0,sn85033699,~/Code/hcij_lynching_phase_two/narratives/code/articles_oct_19/87174_0.txt,https://articleextractor.org/pages/87174/tu_furry_ver01/sn85033699/1875/07/15/ed-1/seq-1/0?user_id=6
67718,17736_0.txt,"and unprotected, but highly esteemed by all the",17736_0,National Republican. (Washington City...)),District of Columbia,1875-07-22,1875,7,22,seq-1,ed-1,1,2051,17736,0,sn86053573,~/Code/hcij_lynching_phase_two/narratives/code/articles_oct_19/17736_0.txt,https://articleextractor.org/pages/17736/dlc_eastern_ver01/sn86053573/1875/07/22/ed-1/seq-1/0?user_id=6
64912,17492_0.txt,THE CONSTABLES' DERELICTION.- The Middle,17492_0,"Wilmington daily commercial (Wilmington, Del...)",Delaware,1875-09-15,1875,9,15,seq-4,ed-1,1,1894,17492,0,sn84020594,~/Code/hcij_lynching_phase_two/narratives/code/articles_oct_19/17492_0.txt,https://articleextractor.org/pages/17492/deu_jinx_ver01/sn84020594/1875/09/15/ed-1/seq-4/0?user_id=6
67627,17728_0.txt,One of the 44 who assisted,17728_0,"Knoxville Whig and chronicle (Knoxville, Tenn...)",Tennessee,1875-09-15,1875,9,15,seq-2,ed-1,1,10957,17728,0,sn85042534,~/Code/hcij_lynching_phase_two/narratives/code/articles_oct_19/17728_0.txt,https://articleextractor.org/pages/17728/tu_furry_ver01/sn85042534/1875/09/15/ed-1/seq-2/0?user_id=6
12220,8566_0.txt,A SHOCKING STO RY.- One of the most,8566_0,New York dispatch (New York [N.Y.]),New York,1875-09-26,1875,9,26,seq-4,ed-1,1,2098,8566,0,sn85026214,~/Code/hcij_lynching_phase_two/narratives/code/articles_oct_19/8566_0.txt,https://articleextractor.org/pages/8566/dlc_eliot_ver01/sn85026214/1875/09/26/ed-1/seq-4/0?user_id=6
67630,17729_0.txt,"broke open a jail, took out of it the",17729_0,The New York herald (New York [N.Y.]),New York,1875-09-30,1875,9,30,seq-6,ed-1,1,1998,17729,0,sn83030313,~/Code/hcij_lynching_phase_two/narratives/code/articles_oct_19/17729_0.txt,https://articleextractor.org/pages/17729/dlc_crowfoot_ver01/sn83030313/1875/09/30/ed-1/seq-6/0?user_id=6
131586,86767_0.txt,"hanged Shell for murdering a woman, the",86767_0,"The spirit of democracy (Woodsfield, Ohi...)",Ohio,1875-10-05,1875,10,5,seq-2,ed-1,1,9460,86767,0,sn85038115,~/Code/hcij_lynching_phase_two/narratives/code/articles_oct_19/86767_0.txt,https://articleextractor.org/pages/86767/ohi_byrd_ver01/sn85038115/1875/10/05/ed-1/seq-2/0?user_id=6
7035,8404_0.txt,-Facts have come to light since the,8404_0,"Vermont phœnix (Brattleboro, Vt...)",Vermont,1875-10-08,1875,10,8,seq-2,ed-1,1,12364,8404,0,sn98060050,~/Code/hcij_lynching_phase_two/narratives/code/articles_oct_19/8404_0.txt,https://articleextractor.org/pages/8404/vtu_eden_ver01/sn98060050/1875/10/08/ed-1/seq-2/0?user_id=6
141352,87175_0.txt,Charles E. Fawn was murdered in,87175_0,"Memphis daily appeal (Memphis, Tenn.)",Alabama,1875-10-29,1875,10,29,seq-1,ed-1,1,10880,87175,0,sn83045160,~/Code/hcij_lynching_phase_two/narratives/code/articles_oct_19/87175_0.txt,https://articleextractor.org/pages/87175/tu_chet_ver01/sn83045160/1875/10/29/ed-1/seq-1/0?user_id=6
118229,86144_0.txt,Murderer A Lynched.,86144_0,"The Stark County Democrat (Canton, Ohio)",Ohio,1875-11-04,1875,11,4,seq-1,ed-1,2,9860,86144,0,sn84028490,~/Code/hcij_lynching_phase_two/narratives/code/articles_oct_19/86144_0.txt,https://articleextractor.org/pages/86144/ohi_jaques_ver01/sn84028490/1875/11/04/ed-1/seq-1/0?user_id=6
144349,87327_0.txt,CALIFORNIA.,87327_0,"Daily Kennebec journal (Augusta, Me.)",Maine,1875-12-09,1875,12,9,seq-3,ed-1,2,5272,87327,0,sn82014248,~/Code/hcij_lynching_phase_two/narratives/code/articles_oct_19/87327_0.txt,https://articleextractor.org/pages/87327/me_dyerbrook_ver01/sn82014248/1875/12/09/ed-1/seq-3/0?user_id=6
132157,86787_0.txt,"At Barboursville, W. Va., Mrs. Meeling and",86787_0,"Essex County herald (Guildhall, Vt.)",Vermont,1876-02-12,1876,2,12,seq-4,ed-1,1,12536,86787,0,sn84023416,~/Code/hcij_lynching_phase_two/narratives/code/articles_oct_19/86787_0.txt,https://articleextractor.org/pages/86787/vtu_ira_ver01/sn84023416/1876/02/12/ed-1/seq-4/0?user_id=6
132165,86787_1.txt,a vote of 146 to 130 ..... Threo murderers were,86787_1,"Essex County herald (Guildhall, Vt.)",Vermont,1876-02-12,1876,2,12,seq-4,ed-1,1,12541,86787,1,sn84023416,~/Code/hcij_lynching_phase_two/narratives/code/articles_oct_19/86787_1.txt,https://articleextractor.org/pages/86787/vtu_ira_ver01/sn84023416/1876/02/12/ed-1/seq-4/0?user_id=6
132168,86787_2.txt,"have already failed ...... Frank Hathaway, at",86787_2,"Essex County herald (Guildhall, Vt.)",Vermont,1876-02-12,1876,2,12,seq-4,ed-1,1,12542,86787,2,sn84023416,~/Code/hcij_lynching_phase_two/narratives/code/articles_oct_19/86787_2.txt,https://articleextractor.org/pages/86787/vtu_ira_ver01/sn84023416/1876/02/12/ed-1/seq-4/0?user_id=6
142041,87202_0.txt,THE Huntington Advertiser has,87202_0,"Gallipolis journal (Gallipolis, Ohi...)",Ohio,1876-02-17,1876,2,17,seq-4,ed-1,1,9674,87202,0,sn85038121,~/Code/hcij_lynching_phase_two/narratives/code/articles_oct_19/87202_0.txt,https://articleextractor.org/pages/87202/ohi_edgar_ver01/sn85038121/1876/02/17/ed-1/seq-4/0?user_id=6
142211,87214_0.txt,A Murderer Lynched.,87214_0,"The silver state (Unionville, Nev...)",Nevada,1876-03-01,1876,3,1,seq-2,ed-1,1,9208,87214,0,sn84022060,~/Code/hcij_lynching_phase_two/narratives/code/articles_oct_19/87214_0.txt,https://articleextractor.org/pages/87214/nvln_arrowhead_ver01/sn84022060/1876/03/01/ed-1/seq-2/0?user_id=6
14903,8642_0.txt,"DANVILLE, KY., April 18.- A very disastrous",8642_0,"The Cincinnati daily star ([Cincinnati, Oh...)",Ohio,1876-04-18,1876,4,18,seq-3,ed-1,1,9796,8642,0,sn85025759,~/Code/hcij_lynching_phase_two/narratives/code/articles_oct_19/8642_0.txt,https://articleextractor.org/pages/8642/ohi_himilco_ver01/sn85025759/1876/04/18/ed-1/seq-3/0?user_id=6
87560,18946_0.txt,THIS IS SAD.,18946_0,National Republican. (Washington City...)),District of Columbia,1876-05-26,1876,5,26,seq-1,ed-1,1,2052,18946,0,sn86053573,~/Code/hcij_lynching_phase_two/narratives/code/articles_oct_19/18946_0.txt,https://articleextractor.org/pages/18946/dlc_eastern_ver01/sn86053573/1876/05/26/ed-1/seq-1/0?user_id=6
64601,17482_0.txt,Lynch Law in California.,17482_0,"The Morning herald (Wilmington, Del...)",Delaware,1876-06-12,1876,6,12,seq-1,ed-1,1,1874,17482,0,sn84038119,~/Code/hcij_lynching_phase_two/narratives/code/articles_oct_19/17482_0.txt,https://articleextractor.org/pages/17482/deu_glisseo_ver01/sn84038119/1876/06/12/ed-1/seq-1/0?user_id=6
131700,86773_0.txt,THE particulars of the shooting at,86773_0,"Gallipolis journal (Gallipolis, Ohi...)",Ohio,1876-07-06,1876,7,6,seq-3,ed-1,1,9675,86773,0,sn85038121,~/Code/hcij_lynching_phase_two/narratives/code/articles_oct_19/86773_0.txt,https://articleextractor.org/pages/86773/ohi_edgar_ver01/sn85038121/1876/07/06/ed-1/seq-3/0?user_id=6
141161,87148_0.txt,Washington Lee killed Robert Ellis,87148_0,"The Jackson standard (Jackson C.H., O...)",Ohio,1876-07-27,1876,7,27,seq-2,ed-1,1,9928,87148,0,sn85038180,~/Code/hcij_lynching_phase_two/narratives/code/articles_oct_19/87148_0.txt,https://articleextractor.org/pages/87148/ohi_konscak_ver01/sn85038180/1876/07/27/ed-1/seq-2/0?user_id=6
14917,8643_0.txt,AN infuriated mob hung a man,8643_0,"The interior journal (Stanford, Ky.) 1872-1881",Kentucky,1876-07-28,1876,7,28,seq-2,ed-1,1,4637,8643,0,sn84038328,~/Code/hcij_lynching_phase_two/narratives/code/articles_oct_19/8643_0.txt,https://articleextractor.org/pages/8643/kyu_albatross_ver01/sn84038328/1876/07/28/ed-1/seq-2/0?user_id=6
150402,87506_0.txt,A villain giving the name of George,87506_0,"Bozeman avant courier (Bozeman, Mont.)",Montana,1876-07-28,1876,7,28,seq-4,ed-1,1,7276,87506,0,sn84038123,~/Code/hcij_lynching_phase_two/narratives/code/articles_oct_19/87506_0.txt,https://articleextractor.org/pages/87506/mthi_fox_ver01/sn84038123/1876/07/28/ed-1/seq-4/0?user_id=6
131763,86774_0.txt,Murder in Stewart County.,86774_0,"Clarksville weekly chronicle. (Clarksville, Te...)",Tennessee,1876-08-19,1876,8,19,seq-3,ed-1,1,11110,86774,0,sn88061082,~/Code/hcij_lynching_phase_two/narratives/code/articles_oct_19/86774_0.txt,https://articleextractor.org/pages/86774/tu_jimmy_ver02/sn88061082/1876/08/19/ed-1/seq-3/0?user_id=6
124771,86435_0.txt,a fast trotter and a cigar.,86435_0,"The Democratic advocate (Westminster, Md...)",Maryland,1876-08-26,1876,8,26,seq-5,ed-1,1,5153,86435,0,sn85038292,~/Code/hcij_lynching_phase_two/narratives/code/articles_oct_19/86435_0.txt,https://articleextractor.org/pages/86435/mdu_douglass_ver01/sn85038292/1876/08/26/ed-1/seq-5/0?user_id=6
124776,86435_1.txt,"Henry Smith and Squire Hammond,",86435_1,"The Democratic advocate (Westminster, Md...)",Maryland,1876-08-26,1876,8,26,seq-5,ed-1,1,5154,86435,1,sn85038292,~/Code/hcij_lynching_phase_two/narratives/code/articles_oct_19/86435_1.txt,https://articleextractor.org/pages/86435/mdu_douglass_ver01/sn85038292/1876/08/26/ed-1/seq-5/0?user_id=6
131871,86777_0.txt,"been quite firm with a slightept in ignorance, not because of",86777_0,"Mower County transcript (Lansing, Minn.)",Minnesota,1876-08-31,1876,8,31,seq-1,ed-1,1,6259,86777,0,sn85025431,~/Code/hcij_lynching_phase_two/narratives/code/articles_oct_19/86777_0.txt,https://articleextractor.org/pages/86777/mnhi_quasar_ver01/sn85025431/1876/08/31/ed-1/seq-1/0?user_id=6
141284,87168_0.txt,Two young men named Smith and,87168_0,"The Superior times (Superior, Wis.)",Wisconsin,1876-09-01,1876,9,1,seq-2,ed-1,1,13135,87168,0,sn85040344,~/Code/hcij_lynching_phase_two/narratives/code/articles_oct_19/87168_0.txt,https://articleextractor.org/pages/87168/whi_florence_ver01/sn85040344/1876/09/01/ed-1/seq-2/0?user_id=6
142870,87253_0.txt,"Swafford, one of a mob who hanged Dixon",87253_0,"The weekly democratic statesman (Austin, Tex.)",Texas,1876-10-12,1876,10,12,seq-2,ed-1,1,11182,87253,0,sn83021327,~/Code/hcij_lynching_phase_two/narratives/code/articles_oct_19/87253_0.txt,https://articleextractor.org/pages/87253/txdn_audi_ver01/sn83021327/1876/10/12/ed-1/seq-2/0?user_id=6
142878,87253_1.txt,and a suspected of theft Baker One was,87253_1,"The weekly democratic statesman (Austin, Tex.)",Texas,1876-10-12,1876,10,12,seq-2,ed-1,1,11180,87253,1,sn83021327,~/Code/hcij_lynching_phase_two/narratives/code/articles_oct_19/87253_1.txt,https://articleextractor.org/pages/87253/txdn_audi_ver01/sn83021327/1876/10/12/ed-1/seq-2/0?user_id=6
143368,87288_0.txt,The reported lynching of the colored,87288_0,"The daily intelligencer (Seattle, Wash. ...)",Washington,1876-12-15,1876,12,15,seq-2,ed-1,1,12660,87288,0,sn83045610,~/Code/hcij_lynching_phase_two/narratives/code/articles_oct_19/87288_0.txt,https://articleextractor.org/pages/87288/wa_camas_ver01/sn83045610/1876/12/15/ed-1/seq-2/0?user_id=6
132074,86781_0.txt,A Charleston( S. C.) dispatch of the 11th,86781_0,"Mexico weekly ledger. (Mexico, Mo.)",Missouri,1876-12-21,1876,12,21,seq-2,ed-1,1,6538,86781,0,sn89067274,~/Code/hcij_lynching_phase_two/narratives/code/articles_oct_19/86781_0.txt,https://articleextractor.org/pages/86781/mohi_garfield_ver01/sn89067274/1876/12/21/ed-1/seq-2/0?user_id=6
12424,8578_0.txt,More burglaries in Vicksburg.,8578_0,"The New Orleans daily Democrat (New Orleans, La...)",Louisiana,1877-03-28,1877,3,28,seq-2,ed-1,1,5089,8578,0,sn83026413,~/Code/hcij_lynching_phase_two/narratives/code/articles_oct_19/8578_0.txt,https://articleextractor.org/pages/8578/lu_nejat_ver01/sn83026413/1877/03/28/ed-1/seq-2/0?user_id=6
131604,86768_0.txt,NIGHT DISPATCHES,86768_0,"The weekly democratic statesman (Austin, Tex.)",Texas,1877-05-03,1877,5,3,seq-3,ed-1,1,11184,86768,0,sn83021327,~/Code/hcij_lynching_phase_two/narratives/code/articles_oct_19/86768_0.txt,https://articleextractor.org/pages/86768/txdn_audi_ver01/sn83021327/1877/05/03/ed-1/seq-3/0?user_id=6
131657,86768_1.txt,The good and expressive American,86768_1,"The weekly democratic statesman (Austin, Tex.)",Texas,1877-05-03,1877,5,3,seq-3,ed-1,1,11186,86768,1,sn83021327,~/Code/hcij_lynching_phase_two/narratives/code/articles_oct_19/86768_1.txt,https://articleextractor.org/pages/86768/txdn_audi_ver01/sn83021327/1877/05/03/ed-1/seq-3/0?user_id=6
118242,86145_0.txt,"JOIN P. OITSEB,",86145_0,"Chicago daily tribune (Chicago, Ill.) 1872-1963",Illinois,1877-05-14,1877,5,14,seq-2,ed-1,2,2250,86145,0,sn84031492,~/Code/hcij_lynching_phase_two/narratives/code/articles_oct_19/86145_0.txt,https://articleextractor.org/pages/86145/dlc_jefferson_ver02/sn84031492/1877/05/14/ed-1/seq-2/0?user_id=6
131578,86766_0.txt,"COLUMBIA, Georgia, May 28.",86766_0,"The Pioche weekly record (Pioche, Nev.)",Nevada,1877-06-02,1877,6,2,seq-2,ed-1,1,9282,86766,0,sn86091346,~/Code/hcij_lynching_phase_two/narratives/code/articles_oct_19/86766_0.txt,https://articleextractor.org/pages/86766/nvln_dayton_ver01/sn86091346/1877/06/02/ed-1/seq-2/0?user_id=6
141577,87184_0.txt,"POLICY."" HAMPTON'S""",87184_0,"The Findlay Jeffersonian (Findlay, Hancoc...)",Ohio,1877-06-08,1877,6,8,seq-1,ed-1,1,9819,87184,0,sn85026034,~/Code/hcij_lynching_phase_two/narratives/code/articles_oct_19/87184_0.txt,https://articleextractor.org/pages/87184/ohi_iago_ver01/sn85026034/1877/06/08/ed-1/seq-1/0?user_id=6
49799,16857_0.txt,If General Pearson gets into the,16857_0,"The Louisiana Democrat (Alexandria, La.)",Louisiana,1877-08-01,1877,8,1,seq-3,ed-1,1,5012,16857,0,sn82003389,~/Code/hcij_lynching_phase_two/narratives/code/articles_oct_19/16857_0.txt,https://articleextractor.org/pages/16857/lu_beast_ver01/sn82003389/1877/08/01/ed-1/seq-3/0?user_id=6
142187,87212_0.txt,"Alcide Mouton, the young colored",87212_0,"The New Orleans daily Democrat (New Orleans, La...)",Louisiana,1877-08-09,1877,8,9,seq-2,ed-1,1,5090,87212,0,sn83026413,~/Code/hcij_lynching_phase_two/narratives/code/articles_oct_19/87212_0.txt,https://articleextractor.org/pages/87212/lu_nejat_ver01/sn83026413/1877/08/09/ed-1/seq-2/0?user_id=6
141316,87172_0.txt,At Reading and Baltimore the coroner's,87172_0,The morning star and Catholic messenger (New Orleans [La...),Louisiana,1877-08-12,1877,8,12,seq-1,ed-1,1,4989,87172,0,sn86086284,~/Code/hcij_lynching_phase_two/narratives/code/articles_oct_19/87172_0.txt,https://articleextractor.org/pages/87172/lu_Cypher_ver01/sn86086284/1877/08/12/ed-1/seq-1/0?user_id=6
127685,86573_0.txt,"It is reported that Alcide Mouton, the",86573_0,"The New Orleans daily Democrat (New Orleans, La...)",Louisiana,1877-08-15,1877,8,15,seq-2,ed-1,1,5091,86573,0,sn83026413,~/Code/hcij_lynching_phase_two/narratives/code/articles_oct_19/86573_0.txt,https://articleextractor.org/pages/86573/lu_nejat_ver01/sn83026413/1877/08/15/ed-1/seq-2/0?user_id=6
12141,8562_0.txt,"THE people of Oxford, Ohio, visited",8562_0,"The Wheeling daily intelligencer (Wheeling, W. Va...)",West Virginia,1877-09-04,1877,9,4,seq-1,ed-1,1,13396,8562,0,sn84026844,~/Code/hcij_lynching_phase_two/narratives/code/articles_oct_19/8562_0.txt,https://articleextractor.org/pages/8562/wvu_denmark_ver01/sn84026844/1877/09/04/ed-1/seq-1/0?user_id=6
131798,86776_0.txt,"FOUR men, named Jim Simmons, and",86776_0,"The Somerset press (Somerset, Ohio)",Ohio,1877-09-13,1877,9,13,seq-1,ed-1,2,9932,86776,0,sn85038088,~/Code/hcij_lynching_phase_two/narratives/code/articles_oct_19/86776_0.txt,https://articleextractor.org/pages/86776/ohi_laing_ver02/sn85038088/1877/09/13/ed-1/seq-1/0?user_id=6
131818,86776_1.txt,"A Mob at Oxford, Ohio.",86776_1,"The Somerset press (Somerset, Ohio)",Ohio,1877-09-13,1877,9,13,seq-1,ed-1,2,9933,86776,1,sn85038088,~/Code/hcij_lynching_phase_two/narratives/code/articles_oct_19/86776_1.txt,https://articleextractor.org/pages/86776/ohi_laing_ver02/sn85038088/1877/09/13/ed-1/seq-1/0?user_id=6
104635,19671_0.txt,A Mob of Lynchers Let their Victim,19671_0,"Memphis daily appeal (Memphis, Tenn.)",Alabama,1877-11-20,1877,11,20,seq-2,ed-1,1,10865,19671,0,sn83045160,~/Code/hcij_lynching_phase_two/narratives/code/articles_oct_19/19671_0.txt,https://articleextractor.org/pages/19671/tu_charlie_ver01/sn83045160/1877/11/20/ed-1/seq-2/0?user_id=6
14658,8630_0.txt,"ONE Roper, alias McGhee, a negro, who",8630_0,"The Superior times (Superior, Wis.)",Wisconsin,1877-12-15,1877,12,15,seq-2,ed-1,1,13136,8630,0,sn85040344,~/Code/hcij_lynching_phase_two/narratives/code/articles_oct_19/8630_0.txt,https://articleextractor.org/pages/8630/whi_florence_ver01/sn85040344/1877/12/15/ed-1/seq-2/0?user_id=6
116564,86077_0.txt,MOB LAW IN CHILLICOTHE.,86077_0,"The Sedalia weekly bazoo (Sedalia, Mo.)",Missouri,1877-12-18,1877,12,18,seq-4,ed-1,1,6413,86077,0,sn90061066,~/Code/hcij_lynching_phase_two/narratives/code/articles_oct_19/86077_0.txt,https://articleextractor.org/pages/86077/mohi_berenice_ver01/sn90061066/1877/12/18/ed-1/seq-4/0?user_id=6
141362,87177_0.txt,"Judge Chisholm, of Kemper county,",87177_0,"The state journal. (Jefferson City,...)",Missouri,1877-12-28,1877,12,28,seq-5,ed-1,1,6487,87177,0,sn87052128,~/Code/hcij_lynching_phase_two/narratives/code/articles_oct_19/87177_0.txt,https://articleextractor.org/pages/87177/mohi_felice_ver01/sn87052128/1877/12/28/ed-1/seq-5/0?user_id=6
141395,87177_1.txt,"LYNCH, OF COLORADO.",87177_1,"The state journal. (Jefferson City,...)",Missouri,1877-12-28,1877,12,28,seq-5,ed-1,1,6488,87177,1,sn87052128,~/Code/hcij_lynching_phase_two/narratives/code/articles_oct_19/87177_1.txt,https://articleextractor.org/pages/87177/mohi_felice_ver01/sn87052128/1877/12/28/ed-1/seq-5/0?user_id=6
142149,87208_0.txt,Hanging as an Art.,87208_0,"Essex County herald (Guildhall, Vt.)",Vermont,1877-12-29,1877,12,29,seq-1,ed-1,1,12544,87208,0,sn84023416,~/Code/hcij_lynching_phase_two/narratives/code/articles_oct_19/87208_0.txt,https://articleextractor.org/pages/87208/vtu_ira_ver01/sn84023416/1877/12/29/ed-1/seq-1/0?user_id=6
127566,86564_0.txt,other crept under the floor. and St.,86564_0,"River Falls journal (River Falls, Pi...)",Wisconsin,1878-02-21,1878,2,21,seq-2,ed-1,1,13145,86564,0,sn85033255,~/Code/hcij_lynching_phase_two/narratives/code/articles_oct_19/86564_0.txt,https://articleextractor.org/pages/86564/whi_galky_ver01/sn85033255/1878/02/21/ed-1/seq-2/0?user_id=6
142001,87200_0.txt,4 Negro Lynched- One Lyncher Killed,87200_0,"Memphis daily appeal (Memphis, Tenn.)",Alabama,1878-03-15,1878,3,15,seq-1,ed-1,1,10866,87200,0,sn83045160,~/Code/hcij_lynching_phase_two/narratives/code/articles_oct_19/87200_0.txt,https://articleextractor.org/pages/87200/tu_charlie_ver01/sn83045160/1878/03/15/ed-1/seq-1/0?user_id=6
127483,86559_0.txt,4 despatah from Pensacola reports the,86559_0,"The Democratic advocate (Westminster, Md...)",Maryland,1878-03-16,1878,3,16,seq-2,ed-1,1,5155,86559,0,sn85038292,~/Code/hcij_lynching_phase_two/narratives/code/articles_oct_19/86559_0.txt,https://articleextractor.org/pages/86559/mdu_douglass_ver01/sn85038292/1878/03/16/ed-1/seq-2/0?user_id=6
127459,86558_0.txt,"WHEELING, W. Va .. March 23.-J. Wallace has",86558_0,"The New Orleans daily Democrat (New Orleans, La...)",Louisiana,1878-03-24,1878,3,24,seq-1,ed-1,1,5092,86558,0,sn83026413,~/Code/hcij_lynching_phase_two/narratives/code/articles_oct_19/86558_0.txt,https://articleextractor.org/pages/86558/lu_nejat_ver01/sn83026413/1878/03/24/ed-1/seq-1/0?user_id=6
125441,86462_0.txt,THE CRIMINAL RECORD.,86462_0,"The Cincinnati daily star ([Cincinnati, Oh...)",Ohio,1878-03-25,1878,3,25,seq-1,ed-1,1,9797,86462,0,sn85025759,~/Code/hcij_lynching_phase_two/narratives/code/articles_oct_19/86462_0.txt,https://articleextractor.org/pages/86462/ohi_himilco_ver01/sn85025759/1878/03/25/ed-1/seq-1/0?user_id=6
125491,86465_0.txt,.,86465_0,"The New Orleans daily Democrat (New Orleans, La...)",Louisiana,1878-03-26,1878,3,26,seq-1,ed-1,1,5093,86465,0,sn83026413,~/Code/hcij_lynching_phase_two/narratives/code/articles_oct_19/86465_0.txt,https://articleextractor.org/pages/86465/lu_nejat_ver01/sn83026413/1878/03/26/ed-1/seq-1/0?user_id=6
131882,86778_0.txt,Shocking Murder and Lynch Law in West,86778_0,"Staunton vindicator (Staunton, Va.)",Virginia,1878-03-29,1878,3,29,seq-2,ed-1,1,12054,86778,0,sn84024653,~/Code/hcij_lynching_phase_two/narratives/code/articles_oct_19/86778_0.txt,https://articleextractor.org/pages/86778/vi_klepper_ver02/sn84024653/1878/03/29/ed-1/seq-2/0?user_id=6
65311,17510_0.txt,"Governor Holliday, of Virginia,",17510_0,"South Branch intelligencer (Romney, Va. [W....)",West Virginia,1878-04-05,1878,4,5,seq-2,ed-1,1,13522,17510,0,sn84026826,~/Code/hcij_lynching_phase_two/narratives/code/articles_oct_19/17510_0.txt,https://articleextractor.org/pages/17510/wvu_laird_ver01/sn84026826/1878/04/05/ed-1/seq-2/0?user_id=6
65318,17510_1.txt,LA Dispatch from Wheeling states,17510_1,"South Branch intelligencer (Romney, Va. [W....)",West Virginia,1878-04-05,1878,4,5,seq-2,ed-1,1,13523,17510,1,sn84026826,~/Code/hcij_lynching_phase_two/narratives/code/articles_oct_19/17510_1.txt,https://articleextractor.org/pages/17510/wvu_laird_ver01/sn84026826/1878/04/05/ed-1/seq-2/0?user_id=6
65354,17510_2.txt,A BAD WOMAN .-- Beyond question,17510_2,"South Branch intelligencer (Romney, Va. [W....)",West Virginia,1878-04-05,1878,4,5,seq-2,ed-1,1,13521,17510,2,sn84026826,~/Code/hcij_lynching_phase_two/narratives/code/articles_oct_19/17510_2.txt,https://articleextractor.org/pages/17510/wvu_laird_ver01/sn84026826/1878/04/05/ed-1/seq-2/0?user_id=6
141510,87182_0.txt,"At Coal Creek, Ind., a mining town, seven",87182_0,"The Eaton Democrat. (Eaton, Ohio)",Ohio,1878-04-25,1878,4,25,seq-4,ed-1,1,9409,87182,0,sn88077272,~/Code/hcij_lynching_phase_two/narratives/code/articles_oct_19/87182_0.txt,https://articleextractor.org/pages/87182/ohi_arnarson_ver01/sn88077272/1878/04/25/ed-1/seq-4/0?user_id=6
141530,87182_1.txt,"in Ashes by Tenn Laid Clarksville.,,",87182_1,"The Eaton Democrat. (Eaton, Ohio)",Ohio,1878-04-25,1878,4,25,seq-4,ed-1,1,9405,87182,1,sn88077272,~/Code/hcij_lynching_phase_two/narratives/code/articles_oct_19/87182_1.txt,https://articleextractor.org/pages/87182/ohi_arnarson_ver01/sn88077272/1878/04/25/ed-1/seq-4/0?user_id=6
127680,86571_0.txt,"Fritz Meyers, a horse- thief, was taken from",86571_0,"Perrysburg journal. (Perrysburg, Woo...)",Ohio,1878-05-03,1878,5,3,seq-1,ed-1,1,9493,86571,0,sn87076843,~/Code/hcij_lynching_phase_two/narratives/code/articles_oct_19/86571_0.txt,https://articleextractor.org/pages/86571/ohi_cobweb_ver04/sn87076843/1878/05/03/ed-1/seq-1/0?user_id=6
129262,86638_0.txt,"A MOB hanged Charlotte Harris, in",86638_0,"The silver state (Unionville, Nev...)",Nevada,1878-05-04,1878,5,4,seq-2,ed-1,1,9209,86638,0,sn84022060,~/Code/hcij_lynching_phase_two/narratives/code/articles_oct_19/86638_0.txt,https://articleextractor.org/pages/86638/nvln_arrowhead_ver01/sn84022060/1878/05/04/ed-1/seq-2/0?user_id=6
132146,86785_0.txt,"Bill Johnson, a negro, was lynched near",86785_0,"Chariton courier. (Keytesville, Ch...)",Missouri,1878-06-07,1878,6,7,seq-1,ed-1,1,6397,86785,0,sn88068010,~/Code/hcij_lynching_phase_two/narratives/code/articles_oct_19/86785_0.txt,https://articleextractor.org/pages/86785/mohi_beetlebailey_ver01/sn88068010/1878/06/07/ed-1/seq-1/0?user_id=6
142100,87206_0.txt,A negro boy in Panola county committed a,87206_0,"The New Orleans daily Democrat (New Orleans, La...)",Louisiana,1878-06-17,1878,6,17,seq-1,ed-1,1,5094,87206,0,sn83026413,~/Code/hcij_lynching_phase_two/narratives/code/articles_oct_19/87206_0.txt,https://articleextractor.org/pages/87206/lu_nejat_ver01/sn83026413/1878/06/17/ed-1/seq-1/0?user_id=6
126574,86495_0.txt,Two instances have,86495_0,"The Democratic advocate (Westminster, Md...)",Maryland,1878-07-06,1878,7,6,seq-2,ed-1,1,5156,86495,0,sn85038292,~/Code/hcij_lynching_phase_two/narratives/code/articles_oct_19/86495_0.txt,https://articleextractor.org/pages/86495/mdu_douglass_ver01/sn85038292/1878/07/06/ed-1/seq-2/0?user_id=6
12137,8561_0.txt,"George Bullitt, a negro, was lynched",8561_0,"San Marcos free press (San Marcos, Tex...)",Texas,1878-07-20,1878,7,20,seq-2,ed-1,1,11433,8561,0,sn86088181,~/Code/hcij_lynching_phase_two/narratives/code/articles_oct_19/8561_0.txt,https://articleextractor.org/pages/8561/txdn_ferrari_ver02/sn86088181/1878/07/20/ed-1/seq-2/0?user_id=6
130490,86702_0.txt,AN INDIAN MURDERER LYNCHED.- Indian,86702_0,"Evening star (Washington, D.C...)",District of Columbia,1878-08-03,1878,8,3,seq-1,ed-1,1,2371,86702,0,sn83045462,~/Code/hcij_lynching_phase_two/narratives/code/articles_oct_19/86702_0.txt,https://articleextractor.org/pages/86702/dlc_otterhound_ver01/sn83045462/1878/08/03/ed-1/seq-1/0?user_id=6
12217,8565_0.txt,"Sandusky, Sept. 5- A colored man was",8565_0,"The weekly Arizona miner (Prescott, Ariz)",Arizona,1878-09-06,1878,9,6,seq-2,ed-1,1,952,8565,0,sn82014897,~/Code/hcij_lynching_phase_two/narratives/code/articles_oct_19/8565_0.txt,https://articleextractor.org/pages/8565/az_apachetrout_ver01/sn82014897/1878/09/06/ed-1/seq-2/0?user_id=6
132088,86783_0.txt,LYNCH LAW IN PRINCE GEORGE's.- Early,86783_0,"The aegis & intelligencer (Bel Air, Md.)",Maryland,1878-09-06,1878,9,6,seq-2,ed-1,1,5218,86783,0,sn83016107,~/Code/hcij_lynching_phase_two/narratives/code/articles_oct_19/86783_0.txt,https://articleextractor.org/pages/86783/mdu_henson_ver01/sn83016107/1878/09/06/ed-1/seq-2/0?user_id=6
132223,86789_0.txt,"Sandusky, September 8th, at a zens",86789_0,"The Findlay Jeffersonian (Findlay, Hancoc...)",Ohio,1878-09-20,1878,9,20,seq-1,ed-1,1,9824,86789,0,sn85026034,~/Code/hcij_lynching_phase_two/narratives/code/articles_oct_19/86789_0.txt,https://articleextractor.org/pages/86789/ohi_iago_ver01/sn85026034/1878/09/20/ed-1/seq-1/0?user_id=6
132234,86789_1.txt,"George Emory the Norwalk ruffian,",86789_1,"The Findlay Jeffersonian (Findlay, Hancoc...)",Ohio,1878-09-20,1878,9,20,seq-1,ed-1,1,9825,86789,1,sn85026034,~/Code/hcij_lynching_phase_two/narratives/code/articles_oct_19/86789_1.txt,https://articleextractor.org/pages/86789/ohi_iago_ver01/sn85026034/1878/09/20/ed-1/seq-1/0?user_id=6
34509,14043_0.txt,The Indianapolis Woman- Killing,14043_0,"Chicago daily tribune (Chicago, Ill.) 1872-1963",Illinois,1878-09-24,1878,9,24,seq-5,ed-1,1,2324,14043,0,sn84031492,~/Code/hcij_lynching_phase_two/narratives/code/articles_oct_19/14043_0.txt,https://articleextractor.org/pages/14043/dlc_michigan_ver01/sn84031492/1878/09/24/ed-1/seq-5/0?user_id=6
115421,86040_0.txt,"at colored, was lynched George Duncan,",86040_0,"Macon beacon (Macon, Miss.)",Mississippi,1878-09-28,1878,9,28,seq-1,ed-1,1,6781,86040,0,sn83016943,~/Code/hcij_lynching_phase_two/narratives/code/articles_oct_19/86040_0.txt,https://articleextractor.org/pages/86040/msar_applejack_ver01/sn83016943/1878/09/28/ed-1/seq-1/0?user_id=6
115425,86040_1.txt,N. C.,86040_1,"Macon beacon (Macon, Miss.)",Mississippi,1878-09-28,1878,9,28,seq-1,ed-1,1,6783,86040,1,sn83016943,~/Code/hcij_lynching_phase_two/narratives/code/articles_oct_19/86040_1.txt,https://articleextractor.org/pages/86040/msar_applejack_ver01/sn83016943/1878/09/28/ed-1/seq-1/0?user_id=6
141497,87180_0.txt,"AT Chetopa, Kan., recently, a man named",87180_0,"Gloucester County Democrat. (Woodbury, N.J.)",New Jersey,1878-10-08,1878,10,8,seq-4,ed-1,1,8884,87180,0,sn87068079,~/Code/hcij_lynching_phase_two/narratives/code/articles_oct_19/87180_0.txt,https://articleextractor.org/pages/87180/njr_elliot_ver01/sn87068079/1878/10/08/ed-1/seq-4/0?user_id=6
34975,14231_0.txt,"Lynch law is a new thing in Connecticut, the",14231_0,"Chicago daily tribune (Chicago, Ill.) 1872-1963",Illinois,1878-10-14,1878,10,14,seq-4,ed-1,1,2331,14231,0,sn84031492,~/Code/hcij_lynching_phase_two/narratives/code/articles_oct_19/14231_0.txt,https://articleextractor.org/pages/14231/dlc_michigan_ver01/sn84031492/1878/10/14/ed-1/seq-4/0?user_id=6
36669,14315_0.txt,"-The Keokuk, Ia., body- snatcher, fear",14315_0,"Connecticut western news (Salisbury, Litc...)",Connecticut,1878-11-13,1878,11,13,seq-2,ed-1,1,1255,14315,0,sn84027718,~/Code/hcij_lynching_phase_two/narratives/code/articles_oct_19/14315_0.txt,https://articleextractor.org/pages/14315/ct_animals_ver01/sn84027718/1878/11/13/ed-1/seq-2/0?user_id=6
36678,14315_1.txt,"-Edgar Freeman, the Ansonia negro charged",14315_1,"Connecticut western news (Salisbury, Litc...)",Connecticut,1878-11-13,1878,11,13,seq-2,ed-1,1,1256,14315,1,sn84027718,~/Code/hcij_lynching_phase_two/narratives/code/articles_oct_19/14315_1.txt,https://articleextractor.org/pages/14315/ct_animals_ver01/sn84027718/1878/11/13/ed-1/seq-2/0?user_id=6
16035,8685_0.txt,LYNCH LAW IN NEBRASKA.,8685_0,"The Emporia news (Emporia, Kan.)",Kansas,1878-12-13,1878,12,13,seq-2,ed-1,1,4116,8685,0,sn82016419,~/Code/hcij_lynching_phase_two/narratives/code/articles_oct_19/8685_0.txt,https://articleextractor.org/pages/8685/khi_brown_ver01/sn82016419/1878/12/13/ed-1/seq-2/0?user_id=6
140921,87128_0.txt,killed two employees.,87128_0,"The Somerset press (Somerset, Ohio)",Ohio,1879-01-02,1879,1,2,seq-1,ed-1,1,9934,87128,0,sn85038088,~/Code/hcij_lynching_phase_two/narratives/code/articles_oct_19/87128_0.txt,https://articleextractor.org/pages/87128/ohi_laing_ver02/sn85038088/1879/01/02/ed-1/seq-1/0?user_id=6
143785,87304_0.txt,"A negro named Davidson, charged",87304_0,"The Red Cloud chief (Red Cloud, Webs...)",Nebraska,1879-01-02,1879,1,2,seq-3,ed-1,1,7477,87304,0,sn84022835,~/Code/hcij_lynching_phase_two/narratives/code/articles_oct_19/87304_0.txt,https://articleextractor.org/pages/87304/nbu_dunning_ver01/sn84022835/1879/01/02/ed-1/seq-3/0?user_id=6
142175,87209_0.txt,"Gen. F. S. Shaeffer of St. Joseph, was recalled,",87209_0,"The Portland daily press (Portland, Me.)",Maine,1879-01-15,1879,1,15,seq-2,ed-1,1,5289,87209,0,sn83016025,~/Code/hcij_lynching_phase_two/narratives/code/articles_oct_19/87209_0.txt,https://articleextractor.org/pages/87209/me_farmington_ver01/sn83016025/1879/01/15/ed-1/seq-2/0?user_id=6
33663,13778_0.txt,A Strange Murder. Wa,13778_0,"The Cheyenne daily leader (Cheyenne, Wyo.) 1870-1884",Wyoming,1879-02-06,1879,2,6,seq-1,ed-1,1,13578,13778,0,sn84022149,~/Code/hcij_lynching_phase_two/narratives/code/articles_oct_19/13778_0.txt,https://articleextractor.org/pages/13778/wyu_baggs_ver01/sn84022149/1879/02/06/ed-1/seq-1/0?user_id=6
142674,87249_0.txt,What an English Magazine Has to Say,87249_0,"The Milan exchange. (Milan, Gibson C...)",Tennessee,1879-03-06,1879,3,6,seq-6,ed-1,1,11086,87249,0,sn86053488,~/Code/hcij_lynching_phase_two/narratives/code/articles_oct_19/87249_0.txt,https://articleextractor.org/pages/87249/tu_isaac_ver01/sn86053488/1879/03/06/ed-1/seq-6/0?user_id=6
132029,86780_0.txt,thought it was a,86780_0,The daily dispatch (Richmond [Va.]),Virginia,1879-04-16,1879,4,16,seq-2,ed-1,1,12059,86780,0,sn84024738,~/Code/hcij_lynching_phase_two/narratives/code/articles_oct_19/86780_0.txt,https://articleextractor.org/pages/86780/vi_lauren_ver02/sn84024738/1879/04/16/ed-1/seq-2/0?user_id=6
11262,8532_0.txt,"FREDERICK, MD., April 21 .-",8532_0,"Knoxville daily chronicle (Knoxville, Tenn...)",Tennessee,1879-04-22,1879,4,22,seq-1,ed-1,1,11105,8532,0,sn85033437,~/Code/hcij_lynching_phase_two/narratives/code/articles_oct_19/8532_0.txt,https://articleextractor.org/pages/8532/tu_jimmy_ver02/sn85033437/1879/04/22/ed-1/seq-1/0?user_id=6
141780,87188_0.txt,A MURDERER LYNCHED.,87188_0,"Memphis daily appeal (Memphis, Tenn.)",Alabama,1879-05-08,1879,5,8,seq-1,ed-1,1,10867,87188,0,sn83045160,~/Code/hcij_lynching_phase_two/narratives/code/articles_oct_19/87188_0.txt,https://articleextractor.org/pages/87188/tu_charlie_ver01/sn83045160/1879/05/08/ed-1/seq-1/0?user_id=6
132149,86786_0.txt,Charles Reed in jail,86786_0,"The Democratic advocate (Westminster, Md...)",Maryland,1879-05-17,1879,5,17,seq-2,ed-1,1,5157,86786,0,sn85038292,~/Code/hcij_lynching_phase_two/narratives/code/articles_oct_19/86786_0.txt,https://articleextractor.org/pages/86786/mdu_douglass_ver01/sn85038292/1879/05/17/ed-1/seq-2/0?user_id=6
12475,8582_0.txt,A Prisoner Accusort of a Most Atrocious Mur,8582_0,"Chicago daily tribune (Chicago, Ill.)",Illinois,1879-06-20,1879,6,20,seq-6,ed-1,1,2379,8582,0,sn84031492,~/Code/hcij_lynching_phase_two/narratives/code/articles_oct_19/8582_0.txt,https://articleextractor.org/pages/8582/dlc_pulaski_ver01/sn84031492/1879/06/20/ed-1/seq-6/0?user_id=6
142269,87217_0.txt,"LYNCH LAW AT SPARTANBURG, S. C.- A",87217_0,"The Charlotte Democrat (Charlotte, N.C.)",North Carolina,1879-06-20,1879,6,20,seq-2,ed-1,1,7955,87217,0,sn84020713,~/Code/hcij_lynching_phase_two/narratives/code/articles_oct_19/87217_0.txt,https://articleextractor.org/pages/87217/ncu_dan_ver01/sn84020713/1879/06/20/ed-1/seq-2/0?user_id=6
7099,8408_0.txt,"SWIFT, TERRIBLE AND DESERVED.",8408_0,The New York herald (New York [N.Y.]),New York,1879-07-10,1879,7,10,seq-7,ed-1,1,1999,8408,0,sn83030313,~/Code/hcij_lynching_phase_two/narratives/code/articles_oct_19/8408_0.txt,https://articleextractor.org/pages/8408/dlc_crowfoot_ver01/sn83030313/1879/07/10/ed-1/seq-7/0?user_id=6
118651,86160_0.txt,.,86160_0,"The daily gazette (Wilmington, Del...)",Delaware,1879-07-19,1879,7,19,seq-2,ed-1,2,1824,86160,0,sn82014805,~/Code/hcij_lynching_phase_two/narratives/code/articles_oct_19/86160_0.txt,https://articleextractor.org/pages/86160/deu_accio_ver01/sn82014805/1879/07/19/ed-1/seq-2/0?user_id=6
41320,14474_0.txt,Lynch Law in Texas.,14474_0,"Wheeling register (Wheeling, W. Va...)",West Virginia,1879-07-26,1879,7,26,seq-1,ed-1,1,13554,14474,0,sn86092518,~/Code/hcij_lynching_phase_two/narratives/code/articles_oct_19/14474_0.txt,https://articleextractor.org/pages/14474/wvu_nova_ver02/sn86092518/1879/07/26/ed-1/seq-1/0?user_id=6
46382,14698_0.txt,has saved twenty- flowers of June than we were,14698_0,"The Kenosha telegraph (Kenosha, Wis.)",Wisconsin,1879-08-07,1879,8,7,seq-6,ed-1,1,13104,14698,0,sn85033123,~/Code/hcij_lynching_phase_two/narratives/code/articles_oct_19/14698_0.txt,https://articleextractor.org/pages/14698/whi_engledinger_ver02/sn85033123/1879/08/07/ed-1/seq-6/0?user_id=6
133593,86829_0.txt,"Tom Jones and Bill Pearson, colored, for the",86829_0,"The Portland daily press (Portland, Me.)",Maine,1879-10-09,1879,10,9,seq-2,ed-1,1,5304,86829,0,sn83016025,~/Code/hcij_lynching_phase_two/narratives/code/articles_oct_19/86829_0.txt,https://articleextractor.org/pages/86829/me_graftonnotch_ver01/sn83016025/1879/10/09/ed-1/seq-2/0?user_id=6
142227,87216_0.txt,"Miss Martin, victim of the beastly as-",87216_0,"Jamestown alert (Jamestown, Stut...)",North Dakota,1879-11-11,1879,11,11,seq-2,ed-1,1,8720,87216,0,sn85042404,~/Code/hcij_lynching_phase_two/narratives/code/articles_oct_19/87216_0.txt,https://articleextractor.org/pages/87216/ndhi_hazen_ver01/sn85042404/1879/11/11/ed-1/seq-2/0?user_id=6
142241,87216_1.txt,LYNCHING,87216_1,"Jamestown alert (Jamestown, Stut...)",North Dakota,1879-11-11,1879,11,11,seq-2,ed-1,1,8721,87216,1,sn85042404,~/Code/hcij_lynching_phase_two/narratives/code/articles_oct_19/87216_1.txt,https://articleextractor.org/pages/87216/ndhi_hazen_ver01/sn85042404/1879/11/11/ed-1/seq-2/0?user_id=6
142844,87252_0.txt,MURDERER LYNCHED IN COLORADO.,87252_0,"The Cincinnati daily star ([Cincinnati, Oh...)",Ohio,1879-11-11,1879,11,11,seq-1,ed-1,1,9804,87252,0,sn85025759,~/Code/hcij_lynching_phase_two/narratives/code/articles_oct_19/87252_0.txt,https://articleextractor.org/pages/87252/ohi_himilco_ver01/sn85025759/1879/11/11/ed-1/seq-1/0?user_id=6
142855,87252_1.txt,LYNCHING IN MINNESOTA.,87252_1,"The Cincinnati daily star ([Cincinnati, Oh...)",Ohio,1879-11-11,1879,11,11,seq-1,ed-1,1,9805,87252,1,sn85025759,~/Code/hcij_lynching_phase_two/narratives/code/articles_oct_19/87252_1.txt,https://articleextractor.org/pages/87252/ohi_himilco_ver01/sn85025759/1879/11/11/ed-1/seq-1/0?user_id=6
142865,87252_2.txt,"WINCHESTER, KY., Nov. 11.- Dave Kim-",87252_2,"The Cincinnati daily star ([Cincinnati, Oh...)",Ohio,1879-11-11,1879,11,11,seq-1,ed-1,1,9806,87252,2,sn85025759,~/Code/hcij_lynching_phase_two/narratives/code/articles_oct_19/87252_2.txt,https://articleextractor.org/pages/87252/ohi_himilco_ver01/sn85025759/1879/11/11/ed-1/seq-1/0?user_id=6
12096,8556_0.txt,Frank Lane and several other of the leading,8556_0,NA,Tennessee,1879-11-13,1879,11,13,seq-2,ed-1,1,11088,8556,0,sn86053488,~/Code/hcij_lynching_phase_two/narratives/code/articles_oct_19/8556_0.txt,https://articleextractor.org/pages/8556/tu_isaac_ver01/sn86053488/1879/11/13/ed-1/seq-2/0?user_id=6
12108,8556_1.txt,"-At Manor, Travis County, Texas, on the",8556_1,NA,Tennessee,1879-11-13,1879,11,13,seq-2,ed-1,1,11089,8556,1,sn86053488,~/Code/hcij_lynching_phase_two/narratives/code/articles_oct_19/8556_1.txt,https://articleextractor.org/pages/8556/tu_isaac_ver01/sn86053488/1879/11/13/ed-1/seq-2/0?user_id=6
144851,87354_0.txt,Two men were lynched at Lendville,87354_0,"The Cincinnati daily star ([Cincinnati, Oh...)",Ohio,1879-11-21,1879,11,21,seq-4,ed-1,1,9807,87354,0,sn85025759,~/Code/hcij_lynching_phase_two/narratives/code/articles_oct_19/87354_0.txt,https://articleextractor.org/pages/87354/ohi_himilco_ver01/sn85025759/1879/11/21/ed-1/seq-4/0?user_id=6
141864,87192_0.txt,Kentucky have issued proclamation a reciting,87192_0,Fayette County herald (Washington [Was...),Ohio,1879-11-27,1879,11,27,seq-2,ed-1,1,9979,87192,0,sn85038145,~/Code/hcij_lynching_phase_two/narratives/code/articles_oct_19/87192_0.txt,https://articleextractor.org/pages/87192/ohi_odoric_ver01/sn85038145/1879/11/27/ed-1/seq-2/0?user_id=6
120167,86205_0.txt,Owaley ordered him to be taken to Lancaster,86205_0,"The interior journal (Stanford, Ky.) 1872-1881",Kentucky,1879-12-05,1879,12,5,seq-3,ed-1,3,4825,86205,0,sn84038328,~/Code/hcij_lynching_phase_two/narratives/code/articles_oct_19/86205_0.txt,https://articleextractor.org/pages/86205/kyu_fernico_ver01/sn84038328/1879/12/05/ed-1/seq-3/0?user_id=6
87577,18951_0.txt,Atrocities in Mississippi.,18951_0,National Republican. (Washington City...)),District of Columbia,1879-12-23,1879,12,23,seq-1,ed-1,1,2187,18951,0,sn86053573,~/Code/hcij_lynching_phase_two/narratives/code/articles_oct_19/18951_0.txt,https://articleextractor.org/pages/18951/dlc_harry_ver01/sn86053573/1879/12/23/ed-1/seq-1/0?user_id=6
